invent_id,invent_name,base_name,plant_type,common_name,higher_classification,family,plant_type,plant_height,leaf_size,uses,location,sunlight,water,notes
plant_compost,mulched or broken plants used for compost,plant_compost,misc,,,,,
plant_seedling,A little seedling,plant_seedling,misc,,,,,
plant_vine,some vines cut from trees,plant_vine,misc,,,,,
plant_sludge,Sludge - DONT DRINK,plant_sludge,misc,,,,,
plant_leaves,Leaves from a plant,plant_leaves,misc,,,,,
plant_bark,Bark from a tree,plant_bark,misc,,,,,
plant_twigs,Small Twigs from trees,plant_twigs,misc,,,,,
plant_sticks,Sticks from trees,plant_sticks,misc,,,,,
plant_branch,Branch from trees,plant_branch,misc,,,,,
plant_petal,Petals from flowering plants,plant_petal,misc,,,,,
plant_jute,White Jute plant harvestable for cloth,plant_jute,misc,,,,,
plant_cotton,Cotton plant produces cloth,plant_cotton,misc,,,,,
plant_jute_stalks,Jute stalks harvestable for cloth,plant_jute_stalks,misc,,,,,
plant_cotton_raw,raw cotton ready for spinning,plant_cotton_raw,misc,,,,,
plant_seaweed,Small seaweed plant,plant_seaweed,misc,,,,,
plant_seaweed_vine,Tall seaweed vine,plant_seaweed_vine,misc,,,,,
plant_flower_AchilleaPtarmica_01,Flower - AchilleaPtarmica (sneezewort - White),AchilleaPtarmica,flower,Sneezewort,Yarrows,Asteraceae (Daisy),flower,600,10,"essential oil,insect repellant,medicine",,full sun,well drained soil,"when chewed, the plant produces a numbing, tingling effect in the mouth, comparable to that of Sichuan pepper. For this reason, it is sometimes used in herbal medicine to relieve toothache or ulcers, and as a culinary herb"
plant_flower_AchilleaPtarmica_02,Flower - AchilleaPtarmica  (sneezewort - White),AchilleaPtarmica,flower,Sneezewort,Yarrows,Asteraceae (Daisy),flower,600,10,"essential oil,insect repellant,medicine",,full sun,well drained soil,"when chewed, the plant produces a numbing, tingling effect in the mouth, comparable to that of Sichuan pepper. For this reason, it is sometimes used in herbal medicine to relieve toothache or ulcers, and as a culinary herb"
plant_flower_AconitumNapellus_01,Flower - AconitumNapellus (Aconite - Blue),AconitumNapellus,flower,Aconite,,Ranunculaceae,flower,1000,20,"poison",temperate,,,"contain the chemical alkaloids aconitine, mesaconitine, hypaconitine and jesaconitine, which are highly toxic"
plant_flower_AconitumNapellus_02,Flower - AconitumNapellus (Aconite - Blue),AconitumNapellus,flower,Aconite,,Ranunculaceae,flower,1000,20,"poison",temperate,,,"contain the chemical alkaloids aconitine, mesaconitine, hypaconitine and jesaconitine, which are highly toxic"
plant_flower_AconitumNapellus_03,Flower - AconitumNapellus (Aconite - Blue),AconitumNapellus,flower,Aconite,,Ranunculaceae,flower,1000,20,"poison",temperate,,,"contain the chemical alkaloids aconitine, mesaconitine, hypaconitine and jesaconitine, which are highly toxic"
plant_flower_AconitumNapellus_04,Flower - AconitumNapellus (Aconite - Blue),AconitumNapellus,flower,Aconite,,Ranunculaceae,flower,1000,20,"poison",temperate,,,"contain the chemical alkaloids aconitine, mesaconitine, hypaconitine and jesaconitine, which are highly toxic"
plant_flower_AconitumNapellus_05,Flower - AconitumNapellus (Aconite - Blue),AconitumNapellus,flower,Aconite,,Ranunculaceae,flower,1000,20,"poison",temperate,,,"contain the chemical alkaloids aconitine, mesaconitine, hypaconitine and jesaconitine, which are highly toxic"
plant_flower_Adonis_01,Flower - Adonis (Pheasants eye - Yellow),Adonis,flower,Pheasant's eye,,Ranunculaceae,flower,300,6,"poison",temperate,,,"pretty flowers - dont eat"
plant_flower_Adonis_02,Flower - Adonis (Pheasants eye - Yellow),Adonis,flower,Pheasant's eye,,Ranunculaceae,flower,300,6,"poison",temperate,,,"pretty flowers - dont eat"
plant_flower_Adonis_03,Flower - Adonis (Pheasants eye - Yellow),Adonis,flower,Pheasant's eye,,Ranunculaceae,flower,300,6,"poison",temperate,,,"pretty flowers - dont eat"
plant_flower_Adonis_04,Flower - Adonis (Pheasants eye - Yellow),Adonis,flower,Pheasant's eye,,Ranunculaceae,flower,300,6,"poison",temperate,,,"pretty flowers - dont eat"
plant_flower_AegopodiumPodagraria_01,Flower - AegopodiumPodagraria (Ground Elder),AegopodiumPodagraria,flower,Ground Elder,Apiaceae,Aegopodium,flower,1000,10,"herb,spinach substitute,",temperate,,,"treat gout and arthritis if boiled or use as salad before it flowers"
plant_flower_AegopodiumPodagraria_02,Flower - AegopodiumPodagraria (Ground Elder),AegopodiumPodagraria,flower,Ground Elder,Apiaceae,Aegopodium,flower,1000,10,"herb,spinach substitute,",temperate,,,"treat gout and arthritis if boiled or use as salad before it flowers"
plant_flower_AegopodiumPodagraria_03,Flower - AegopodiumPodagraria (Ground Elder),AegopodiumPodagraria,flower,Ground Elder,Apiaceae,Aegopodium,flower,1000,10,"herb,spinach substitute,",temperate,,,"treat gout and arthritis if boiled or use as salad before it flowers"
plant_flower_AegopodiumPodagraria_04,Flower - AegopodiumPodagraria (Ground Elder),AegopodiumPodagraria,flower,Ground Elder,Apiaceae,Aegopodium,flower,1000,10,"herb,spinach substitute,",temperate,,,"treat gout and arthritis if boiled or use as salad before it flowers"
plant_flower_AegopodiumPodagraria_05,Flower - AegopodiumPodagraria (Ground Elder),AegopodiumPodagraria,flower,Ground Elder,Apiaceae,Aegopodium,flower,1000,10,"herb,spinach substitute,",temperate,,,"treat gout and arthritis if boiled or use as salad before it flowers"
plant_flower_AegopodiumPodagraria_06,Flower - AegopodiumPodagraria (Ground Elder),AegopodiumPodagraria,flower,Ground Elder,Apiaceae,Aegopodium,flower,1000,10,"herb,spinach substitute,",temperate,,,"treat gout and arthritis if boiled or use as salad before it flowers"
plant_flower_Ageratum_01,Flower - Ageratum (floss flower - Purple),Ageratum,flower,Floss Flower,Asterales,Asteraceae,flower,30,5,"decoration",,,,"decoration"
plant_flower_Ageratum_02,Flower - Ageratum (floss flower - Purple),Ageratum,flower,Floss Flower,Asterales,Asteraceae,flower,30,5,"decoration",,,,"decoration"
plant_flower_Ageratum_03,Flower - Ageratum (floss flower - Purple),Ageratum,flower,Floss Flower,Asterales,Asteraceae,flower,30,5,"decoration",,,,"decoration"
plant_flower_Alchemilla_01,Flower - Alchemilla (Lady's mantles),Alchemilla,flower,Lady's mantle,,Rosaceae,flower,600,30,"mend and connect torn tissues,used by herbalists for insomnia and anxiety",,,,"contains astringents and tannins which have many health benefits"
plant_flower_Alchemilla_02,Flower - Alchemilla (Lady's mantles),Alchemilla,flower,Lady's mantle,,Rosaceae,flower,600,30,"mend and connect torn tissues,used by herbalists for insomnia and anxiety",,,,"contains astringents and tannins which have many health benefits"
plant_flower_Alchemilla_03,Flower - Alchemilla (Lady's mantles),Alchemilla,flower,Lady's mantle,,Rosaceae,flower,600,30,"mend and connect torn tissues,used by herbalists for insomnia and anxiety",,,,"contains astringents and tannins which have many health benefits"
plant_flower_Alchemilla_04,Flower - Alchemilla (Lady's mantles),Alchemilla,flower,Lady's mantle,,Rosaceae,flower,600,30,"mend and connect torn tissues,used by herbalists for insomnia and anxiety",,,,"contains astringents and tannins which have many health benefits"
plant_flower_Alchemilla_05,Flower - Alchemilla (Lady's mantles - Yellow),Alchemilla,flower,Lady's mantle,,Rosaceae,flower,600,30,"mend and connect torn tissues,used by herbalists for insomnia and anxiety",,,,"contains astringents and tannins which have many health benefits"
plant_flower_Alchemilla_06,Flower - Alchemilla (Lady's mantles - Yellow),Alchemilla,flower,Lady's mantle,,Rosaceae,flower,600,30,"mend and connect torn tissues,used by herbalists for insomnia and anxiety",,,,"contains astringents and tannins which have many health benefits"
plant_flower_AlliumAmbliophyllum_01,Flower - AlliumAmbliophyllum_01,AlliumAmbliophyllum,flower,Wild Onion,,Allium,flower,300,15,"cooking",,,,"family of onions, garlic, leek"
plant_flower_AlliumAmbliophyllum_02,Flower - AlliumAmbliophyllum_02,AlliumAmbliophyllum,flower,Wild Onion,,Allium,flower,300,15,"cooking",,,,"family of onions, garlic, leek"
plant_flower_AlthaeaOfficinalis_01,Flower - AlthaeaOfficinalis (Marsh mallow - Pink),AlthaeaOfficinalis,flower,Marshmallow plant,,,flower,1200,75,"cooking",,,,"used in herbalism and as an ornamental plant. Marshmallow confection can be made from the root"
plant_flower_AlthaeaOfficinalis_02,Flower - AlthaeaOfficinalis (Marsh mallow - Pink),AlthaeaOfficinalis,flower,Marshmallow plant,,,flower,1200,75,"cooking",,,,"used in herbalism and as an ornamental plant. Marshmallow confection can be made from the root"
plant_flower_AlthaeaOfficinalis_03,Flower - AlthaeaOfficinalis (Marsh mallow - Pink),AlthaeaOfficinalis,flower,Marshmallow plant,,,flower,1200,75,"cooking",,,,"used in herbalism and as an ornamental plant. Marshmallow confection can be made from the root"
plant_flower_AlthaeaOfficinalis_04,Flower - AlthaeaOfficinalis (Marsh mallow - Pink),AlthaeaOfficinalis,flower,Marshmallow plant,,,flower,1200,75,"cooking",,,,"used in herbalism and as an ornamental plant. Marshmallow confection can be made from the root"
plant_flower_AlthaeaOfficinalis_05,Flower - AlthaeaOfficinalis (Marsh mallow - Pink),AlthaeaOfficinalis,flower,Marshmallow plant,,,flower,1200,75,"cooking",,,,"used in herbalism and as an ornamental plant. Marshmallow confection can be made from the root"
plant_flower_AlthaeaOfficinalis_06,Flower - AlthaeaOfficinalis (Marsh mallow - Pink),AlthaeaOfficinalis,flower,Marshmallow plant,,,flower,1200,75,"cooking",,,,"used in herbalism and as an ornamental plant. Marshmallow confection can be made from the root"
plant_flower_Alyssum_01,Flower - Alyssum (White),Alyssum,flower,Alyssum,Lobularia maritima,Brassicaceae,flower,300,4,"decoration",,,,"good groundcover for gardens"
plant_flower_Alyssum_02,Flower - Alyssum (White),Alyssum,flower,Alyssum,Lobularia maritima,Brassicaceae,flower,300,4,"decoration",,,,"good groundcover for gardens"
plant_flower_Alyssum_03,Flower - Alyssum (Pink),Alyssum,flower,Alyssum,Lobularia maritima,Brassicaceae,flower,300,4,"decoration",,,,"good groundcover for gardens"
plant_flower_Alyssum_04,Flower - Alyssum (Purple),Alyssum,flower,Alyssum,Lobularia maritima,Brassicaceae,flower,300,4,"decoration",,,,"good groundcover for gardens"
plant_flower_Amaranthus_01,Flower - Amaranthus (Amaranth - Red),Amaranthus,flower,Pigweed,Amaranth,Amaranthaceae,flower,2500,15,"decoration",,,,"has grain but not very nutritious "
plant_flower_Amaranthus_02,Flower - Amaranthus (Amaranth - Red),Amaranthus,flower,Pigweed,Amaranth,Amaranthaceae,flower,2500,15,"decoration",,,,"has grain but not very nutritious "
plant_flower_Amaranthus_03,Flower - Amaranthus (Amaranth - Red),Amaranthus,flower,Pigweed,Amaranth,Amaranthaceae,flower,2500,15,"decoration",,,,"has grain but not very nutritious "
plant_flower_AnemoneSylvestris_01,Flower - AnemoneSylvestris (Snowdrop anemone - White),AnemoneSylvestris,flower,Snowdrop Anemone,Anemone,Ranunculaceae,flower,50,5,"decoration",,,,"good ground cover"
plant_flower_AnemoneSylvestris_02,Flower - AnemoneSylvestris (Snowdrop anemone - White),AnemoneSylvestris,flower,Snowdrop Anemone,Anemone,Ranunculaceae,flower,50,5,"decoration",,,,"good ground cover"
plant_flower_AnemoneSylvestris_03,Flower - AnemoneSylvestris (Snowdrop anemone - White),AnemoneSylvestris,flower,Snowdrop Anemone,Anemone,Ranunculaceae,flower,50,5,"decoration",,,,"good ground cover"
plant_flower_Anemone_01,Flower - Anemone (Ranunculaceae - White),Anemone,flower,Windflowers,,Ranunculaceae,flower,200,10,"decoration",,,,""
plant_flower_Anemone_02,Flower - Anemone (Ranunculaceae - White),Anemone,flower,Windflowers,,Ranunculaceae,flower,200,10,"decoration",,,,""
plant_flower_Anemone_03,Flower - Anemone (Ranunculaceae - White),Anemone,flower,Windflowers,,Ranunculaceae,flower,200,10,"decoration",,,,""
plant_flower_Anemone_04,Flower - Anemone (Ranunculaceae - White),Anemone,flower,Windflowers,,Ranunculaceae,flower,200,10,"decoration",,,,""
plant_flower_Antirrhinum_01,Flower - Antirrhinum (Snapdragons - Orange),Antirrhinum,flower,Snapdragons,Lamiales,Plantaginaceae,flower,500,20,"border plants",,,,"green dye from the flowers"
plant_flower_Antirrhinum_02,Flower - Antirrhinum (Snapdragons - Yellow),Antirrhinum,flower,Snapdragons,Lamiales,Plantaginaceae,flower,500,20,"border plants",,,,"green dye from the flowers"
plant_flower_Antirrhinum_03,Flower - Antirrhinum (Snapdragons - Yellow),Antirrhinum,flower,Snapdragons,Lamiales,Plantaginaceae,flower,500,20,"border plants",,,,"green dye from the flowers"
plant_flower_Antirrhinum_04,Flower - Antirrhinum (Snapdragons - Pink),Antirrhinum,flower,Snapdragons,Lamiales,Plantaginaceae,flower,500,20,"border plants",,,,"green dye from the flowers"
plant_flower_Antirrhinum_05,Flower - Antirrhinum (Snapdragons - Pale Pink),Antirrhinum,flower,Snapdragons,Lamiales,Plantaginaceae,flower,500,20,"border plants",,,,"green dye from the flowers"
plant_flower_AperaSpicaVenti_01,Flower - AperaSpicaVenti (common windgrass),AperaSpicaVenti,flower,Windgrass,,Poaceae,grass,300,3,"grass",,,,""
plant_flower_AperaSpicaVenti_02,Flower - AperaSpicaVenti (common windgrass),AperaSpicaVenti,flower,Windgrass,,Poaceae,grass,300,3,"grass",,,,""
plant_flower_AperaSpicaVenti_03,Flower - AperaSpicaVenti (common windgrass),AperaSpicaVenti,flower,Windgrass,,Poaceae,grass,300,3,"grass",,,,""
plant_flower_ArtemisiaLudoviciana_01,Flower - ArtemisiaLudoviciana (White sagebrush),ArtemisiaLudoviciana,flower,White sagebrush,,Asteraceae,bush,900,3,"source of fiber for crafting household items",,,,""
plant_flower_ArtemisiaLudoviciana_02,Flower - ArtemisiaLudoviciana (White sagebrush),ArtemisiaLudoviciana,flower,White sagebrush,,Asteraceae,bush,900,3,"source of fiber for crafting household items",,,,""
plant_flower_ArtemisiaLudoviciana_03,Flower - ArtemisiaLudoviciana (White sagebrush),ArtemisiaLudoviciana,flower,White sagebrush,,Asteraceae,bush,900,3,"source of fiber for crafting household items",,,,""
plant_flower_ArtemisiaLudoviciana_04,Flower - ArtemisiaLudoviciana (White sagebrush),ArtemisiaLudoviciana,flower,White sagebrush,,Asteraceae,bush,900,3,"source of fiber for crafting household items",,,,""
plant_flower_ArtemisiaLudoviciana_05,Flower - ArtemisiaLudoviciana (White sagebrush),ArtemisiaLudoviciana,flower,White sagebrush,,Asteraceae,bush,900,3,"source of fiber for crafting household items",,,,""
plant_flower_Bellis_01,Flower - Bellis (Wild Daisy - Pink),Bellis,flower,Daisy,Asterales,Asteraceae,flower,20,10,"edible",,,,"eaten raw in salads, or cooked. Flower buds and petals can be eaten raw in sandwiches, soups and salads. also used as a tea and as a vitamin supplement"
plant_flower_Bellis_02,Flower - Bellis (Wild Daisy - White),Bellis,flower,Daisy,Asterales,Asteraceae,flower,20,10,"edible",,,,"eaten raw in salads, or cooked. Flower buds and petals can be eaten raw in sandwiches, soups and salads. also used as a tea and as a vitamin supplement"
plant_flower_Bellis_03,Flower - Bellis (Wild Daisy -White),Bellis,flower,Daisy,Asterales,Asteraceae,flower,20,10,"edible",,,,"eaten raw in salads, or cooked. Flower buds and petals can be eaten raw in sandwiches, soups and salads. also used as a tea and as a vitamin supplement"
plant_flower_Bellis_04,Flower - Bellis (Wild Daisy -White),Bellis,flower,Daisy,Asterales,Asteraceae,flower,20,10,"edible",,,,"eaten raw in salads, or cooked. Flower buds and petals can be eaten raw in sandwiches, soups and salads. also used as a tea and as a vitamin supplement"
plant_flower_Bellis_05,Flower - Bellis (Wild Daisy -White),Bellis,flower,Daisy,Asterales,Asteraceae,flower,20,10,"edible",,,,"eaten raw in salads, or cooked. Flower buds and petals can be eaten raw in sandwiches, soups and salads. also used as a tea and as a vitamin supplement"
plant_flower_Bellis_06,Flower - Bellis (Wild Daisy -Red),Bellis,flower,Daisy,Asterales,Asteraceae,flower,20,10,"edible",,,,"eaten raw in salads, or cooked. Flower buds and petals can be eaten raw in sandwiches, soups and salads. also used as a tea and as a vitamin supplement"
plant_flower_BerberisThunbergii_01,Flower - BerberisThunbergii (Japanese barberry - Red),BerberisThunbergii,flower,Red Barberry,,Berberidaceae,shrub,950,10,"Tick numbers are higher in areas with thick barberry",,,,""
plant_flower_BerberisThunbergii_02,Flower - BerberisThunbergii (Japanese barberry - Red),BerberisThunbergii,flower,Red Barberry,,Berberidaceae,shrub,950,10,"Tick numbers are higher in areas with thick barberry",,,,""
plant_flower_Bergenia_01,Flower - Bergenia (Pink),Bergenia,flower,Elephant's Ears,Saxifragales,Saxifragaceae,flowering plant,600,300,"",,,,""
plant_flower_Bergenia_02,Flower - Bergenia (Pink),Bergenia,flower,Elephant's Ears,Saxifragales,Saxifragaceae,flowering plant,600,300,"",,,,""
plant_flower_Bergenia_03,Flower - Bergenia (Pink),Bergenia,flower,Elephant's Ears,Saxifragales,Saxifragaceae,flowering plant,600,300,"",,,,""
plant_flower_BidensTripartita_01,Flower - BidensTripartita_01,BidensTripartita,flower,three-lobe beggartick,Asterales,Asteraceae,flower,600,20,"",,,,""
plant_flower_BidensTripartita_02,Flower - BidensTripartita_02,BidensTripartita,flower,three-lobe beggartick,Asterales,Asteraceae,flower,600,20,"",,,,""
plant_flower_BidensTripartita_03,Flower - BidensTripartita_03,BidensTripartita,flower,three-lobe beggartick,Asterales,Asteraceae,flower,600,20,"",,,,""
plant_flower_Brunnera_01,Flower - Brunnera_01,Brunnera,flower,,,Boraginaceae,flowering plant,60,3,"blue flowers",,,,""
plant_flower_Brunnera_02,Flower - Brunnera_02,Brunnera,flower,,,Boraginaceae,flowering plant,60,3,"blue flowers",,,,""
plant_flower_Brunnera_03,Flower - Brunnera_03,Brunnera,flower,,,Boraginaceae,flowering plant,60,3,"blue flowers",,,,""
plant_flower_Brunnera_04,Flower - Brunnera_04,Brunnera,flower,,,Boraginaceae,flowering plant,60,3,"blue flowers",,,,""
plant_flower_CalendulaOfficinalis_01,Flower - CalendulaOfficinalis_01,CalendulaOfficinalis,flower,Pot marigold,Asterales,Asteraceae,flower,800,170,"salads,tea,garnish,saffron",,,,""
plant_flower_CalendulaOfficinalis_02,Flower - CalendulaOfficinalis_02,CalendulaOfficinalis,flower,Pot marigold,Asterales,Asteraceae,flower,800,170,"salads,tea,garnish,saffron",,,,""
plant_flower_CalendulaOfficinalis_03,Flower - CalendulaOfficinalis_03,CalendulaOfficinalis,flower,Pot marigold,Asterales,Asteraceae,flower,800,170,"salads,tea,garnish,saffron",,,,""
plant_flower_CalendulaOfficinalis_04,Flower - CalendulaOfficinalis_04,CalendulaOfficinalis,flower,Pot marigold,Asterales,Asteraceae,flower,800,170,"salads,tea,garnish,saffron",,,,""
plant_flower_CalendulaOfficinalis_05,Flower - CalendulaOfficinalis_05,CalendulaOfficinalis,flower,Pot marigold,Asterales,Asteraceae,flower,800,170,"salads,tea,garnish,saffron",,,,""
plant_flower_CalendulaOfficinalis_06,Flower - CalendulaOfficinalis_06,CalendulaOfficinalis,flower,Pot marigold,Asterales,Asteraceae,flower,800,170,"salads,tea,garnish,saffron",,,,""
plant_flower_CalendulaOfficinalis_07,Flower - CalendulaOfficinalis_07,CalendulaOfficinalis,flower,Pot marigold,Asterales,Asteraceae,flower,800,170,"salads,tea,garnish,saffron",,,,""
plant_flower_Calibrachoa_01,Flower - Calibrachoa_01,Calibrachoa,flower,Nightshade,Solanales,Solanaceae,flower,,,"like a Petunia",,,,""
plant_flower_Calibrachoa_02,Flower - Calibrachoa_02,Calibrachoa,flower,Nightshade,Solanales,Solanaceae,flower,,,"like a Petunia",,,,""
plant_flower_Calibrachoa_03,Flower - Calibrachoa_03,Calibrachoa,flower,Nightshade,Solanales,Solanaceae,flower,,,"like a Petunia",,,,""
plant_flower_Calibrachoa_04,Flower - Calibrachoa_04,Calibrachoa,flower,Nightshade,Solanales,Solanaceae,flower,,,"like a Petunia",,,,""
plant_flower_Calibrachoa_05,Flower - Calibrachoa_05,Calibrachoa,flower,Nightshade,Solanales,Solanaceae,flower,,,"like a Petunia",,,,""
plant_flower_Calibrachoa_06,Flower - Calibrachoa_06,Calibrachoa,flower,Nightshade,Solanales,Solanaceae,flower,,,"like a Petunia",,,,""
plant_flower_Calibrachoa_07,Flower - Calibrachoa_07,Calibrachoa,flower,Nightshade,Solanales,Solanaceae,flower,,,"like a Petunia",,,,""
plant_flower_Calibrachoa_08,Flower - Calibrachoa_08,Calibrachoa,flower,Nightshade,Solanales,Solanaceae,flower,,,"like a Petunia",,,,""
plant_flower_Callistephus_01,Flower - Callistephus_01,Callistephus,flower,Annual Aster,Asterales,Asteraceae,flower,1000,30,"pretty flowers",,,,""
plant_flower_Callistephus_02,Flower - Callistephus_02,Callistephus,flower,Annual Aster,Asterales,Asteraceae,flower,1000,30,"pretty flowers",,,,""
plant_flower_Callistephus_03,Flower - Callistephus_03,Callistephus,flower,Annual Aster,Asterales,Asteraceae,flower,1000,30,"pretty flowers",,,,""
plant_flower_Callistephus_04,Flower - Callistephus_04,Callistephus,flower,Annual Aster,Asterales,Asteraceae,flower,1000,30,"pretty flowers",,,,""
plant_flower_Callistephus_05,Flower - Callistephus_05,Callistephus,flower,Annual Aster,Asterales,Asteraceae,flower,1000,30,"pretty flowers",,,,""
plant_flower_Callistephus_06,Flower - Callistephus_06,Callistephus,flower,Annual Aster,Asterales,Asteraceae,flower,1000,30,"pretty flowers",,,,""
plant_flower_Callistephus_07,Flower - Callistephus_07,Callistephus,flower,Annual Aster,Asterales,Asteraceae,flower,1000,30,"pretty flowers",,,,""
plant_flower_Callistephus_08,Flower - Callistephus_08,Callistephus,flower,Annual Aster,Asterales,Asteraceae,flower,1000,30,"pretty flowers",,,,""
plant_flower_CampanulaRapunculoides_01,Flower - CampanulaRapunculoides_01,CampanulaRapunculoides,flower,Creeping Bellflower,Bellflowers,Campanulaceae,flower,60,20,"weed - fast spreading",,,,""
plant_flower_Cannabis_01,Flower - Cannabis_01,Cannabis,flower,Hemp,Rosales,Cannabaceae,flowering herb,1000,30," paper, cordage, construction material and textiles in general, to clothing. Hemp is stronger and longer-lasting than cotton. It also is a useful source of foodstuffs (hemp milk, hemp seed, hemp oil) and biofuels,leaves for marijuana,stalks for fibre",,,,""
plant_flower_Cannabis_02,Flower - Cannabis_02,Cannabis,flower,Hemp,Rosales,Cannabaceae,flowering herb,1000,30," paper, cordage, construction material and textiles in general, to clothing. Hemp is stronger and longer-lasting than cotton. It also is a useful source of foodstuffs (hemp milk, hemp seed, hemp oil) and biofuels,leaves for marijuana,stalks for fibre",,,,""
plant_flower_Carex_01,Flower - Carex_01,Carex,flower,Sedges,Poales,Cyperaceae,grass,,,"baskets, fibre,edible,",,,,""
plant_flower_CentaureaMontana_01,Flower - CentaureaMontana_01,CentaureaMontana,flower,Mountain Cornflower,,Asteraceae,flowering plant,700,20,"blue flowers",,,,""
plant_flower_CentaureaMontana_02,Flower - CentaureaMontana_02,CentaureaMontana,flower,Mountain Cornflower,,Asteraceae,flowering plant,700,20,"blue flowers",,,,""
plant_flower_CentaureaMontana_03,Flower - CentaureaMontana_03,CentaureaMontana,flower,Mountain Cornflower,,Asteraceae,flowering plant,700,20,"blue flowers",,,,""
plant_flower_CentaureaMontana_04,Flower - CentaureaMontana_04,CentaureaMontana,flower,Mountain Cornflower,,Asteraceae,flowering plant,700,20,"blue flowers",,,,""
plant_flower_Centaurea_01,Flower - Centaurea_01,Centaurea,flower,Knapweeds,Asterales,Asteraceae,flower,600,10,"blue white or purple flowers",,,,""
plant_flower_Centaurea_02,Flower - Centaurea_02,Centaurea,flower,Knapweeds,Asterales,Asteraceae,flower,600,10,"blue white or purple flowers",,,,""
plant_flower_Centaurea_03,Flower - Centaurea_03,Centaurea,flower,Knapweeds,Asterales,Asteraceae,flower,600,10,"blue white or purple flowers",,,,""
plant_flower_Centaurea_04,Flower - Centaurea_04,Centaurea,flower,Knapweeds,Asterales,Asteraceae,flower,600,10,"blue white or purple flowers",,,,""
plant_flower_Centaurea_05,Flower - Centaurea_05,Centaurea,flower,Knapweeds,Asterales,Asteraceae,flower,600,10,"blue white or purple flowers",,,,""
plant_flower_Chelidonium_01,Flower - Chelidonium_01,Chelidonium,flower,Celandines,Poppies,Papaveraceae,flower,1200,10,"yellow flowers",,,,""
plant_flower_Chelidonium_02,Flower - Chelidonium_02,Chelidonium,flower,Celandines,Poppies,Papaveraceae,flower,1200,10,"yellow flowers",,,,""
plant_flower_Chelidonium_03,Flower - Chelidonium_03,Chelidonium,flower,Celandines,Poppies,Papaveraceae,flower,1200,10,"yellow flowers",,,,""
plant_flower_Clarkia_01,Flower - Clarkia_01,Clarkia,flower,Clarkia,Myrtales,Onagraceae,flower,1600,10,"common name godetia, have white, pink, or red flowers and are often spotted or streaked",,,,""
plant_flower_Clarkia_02,Flower - Clarkia_02,Clarkia,flower,Clarkia,Myrtales,Onagraceae,flower,1600,10,"common name godetia, have white, pink, or red flowers and are often spotted or streaked",,,,""
plant_flower_Clarkia_03,Flower - Clarkia_03,Clarkia,flower,Clarkia,Myrtales,Onagraceae,flower,1600,10,"common name godetia, have white, pink, or red flowers and are often spotted or streaked",,,,""
plant_flower_Clarkia_04,Flower - Clarkia_04,Clarkia,flower,Clarkia,Myrtales,Onagraceae,flower,1600,10,"common name godetia, have white, pink, or red flowers and are often spotted or streaked",,,,""
plant_flower_Clarkia_05,Flower - Clarkia_05,Clarkia,flower,Clarkia,Myrtales,Onagraceae,flower,1600,10,"common name godetia, have white, pink, or red flowers and are often spotted or streaked",,,,""
plant_flower_Cleome_01,Flower - Cleome_01,Cleome,flower,Spider flowers,Brassicales,Cleomaceae,flower,1500,20,"pink, white, and lavender flowers",,,,""
plant_flower_Cleome_02,Flower - Cleome_02,Cleome,flower,Spider flowers,Brassicales,Cleomaceae,flower,1500,20,"pink, white, and lavender flowers",,,,""
plant_flower_Cleome_03,Flower - Cleome_03,Cleome,flower,Spider flowers,Brassicales,Cleomaceae,flower,1500,20,"pink, white, and lavender flowers",,,,""
plant_flower_Convallaria_01,Flower - Convallaria_01,Convallaria,flower,Lily of the valley,,Asparagaceae,flowering plant,300,250,"White flowers - highly poisonous",,,,""
plant_flower_Convallaria_02,Flower - Convallaria_02,Convallaria,flower,Lily of the valley,,Asparagaceae,flowering plant,300,250,"White flowers - highly poisonous",,,,""
plant_flower_Convallaria_03,Flower - Convallaria_03,Convallaria,flower,Lily of the valley,,Asparagaceae,flowering plant,300,250,"White flowers - highly poisonous",,,,""
plant_flower_CornusAlba_01,Flower - CornusAlba_01,CornusAlba,flower,White dogwood,Cornus,Cornaceae,shrub,2400,,"",,,,""
plant_flower_CornusAlba_02,Flower - CornusAlba_02,CornusAlba,flower,White dogwood,Cornus,Cornaceae,shrub,2400,,"",,,,""
plant_flower_CornusAlba_03,Flower - CornusAlba_03,CornusAlba,flower,White dogwood,Cornus,Cornaceae,shrub,2400,,"",,,,""
plant_flower_Corydalis_01,Flower - Corydalis_01,Corydalis,flower,Corydalis,Ranunculales,Papaveraceae,flower,,,"",,,,""
plant_flower_Corydalis_02,Flower - Corydalis_02,Corydalis,flower,Corydalis,Ranunculales,Papaveraceae,flower,,,"",,,,""
plant_flower_Corydalis_03,Flower - Corydalis_03,Corydalis,flower,Corydalis,Ranunculales,Papaveraceae,flower,,,"",,,,""
plant_flower_Cosmos_01,Flower - Cosmos_01,Cosmos,flower,Cosmos,Asterales,Asteraceae,flower,2000,20,"",,,,""
plant_flower_Cosmos_02,Flower - Cosmos_02,Cosmos,flower,Cosmos,Asterales,Asteraceae,flower,2000,20,"",,,,""
plant_flower_Cosmos_03,Flower - Cosmos_03,Cosmos,flower,Cosmos,Asterales,Asteraceae,flower,2000,20,"",,,,""
plant_flower_Cosmos_04,Flower - Cosmos_04,Cosmos,flower,Cosmos,Asterales,Asteraceae,flower,2000,20,"",,,,""
plant_flower_Cosmos_05,Flower - Cosmos_05,Cosmos,flower,Cosmos,Asterales,Asteraceae,flower,2000,20,"",,,,""
plant_flower_Cosmos_06,Flower - Cosmos_06,Cosmos,flower,Cosmos,Asterales,Asteraceae,flower,2000,20,"",,,,""
plant_flower_Cosmos_07,Flower - Cosmos_07,Cosmos,flower,Cosmos,Asterales,Asteraceae,flower,2000,20,"",,,,""
plant_flower_Crocus_10,Flower - Crocus_10,Crocus,flower,Crocus,Asparagales,Iridaceae,flower,30,10,"stamins used to make Saffron",,,,""
plant_flower_Crocus_11,Flower - Crocus_11,Crocus,flower,Crocus,Asparagales,Iridaceae,flower,30,10,"stamins used to make Saffron",,,,""
plant_flower_Crocus_12,Flower - Crocus_12,Crocus,flower,Crocus,Asparagales,Iridaceae,flower,30,10,"stamins used to make Saffron",,,,""
plant_flower_Crocus_01,Flower - Crocus_01,Crocus,flower,Crocus,Asparagales,Iridaceae,flower,30,10,"stamins used to make Saffron",,,,""
plant_flower_Crocus_02,Flower - Crocus_02,Crocus,flower,Crocus,Asparagales,Iridaceae,flower,30,10,"stamins used to make Saffron",,,,""
plant_flower_Crocus_03,Flower - Crocus_03,Crocus,flower,Crocus,Asparagales,Iridaceae,flower,30,10,"stamins used to make Saffron",,,,""
plant_flower_Crocus_04,Flower - Crocus_04,Crocus,flower,Crocus,Asparagales,Iridaceae,flower,30,10,"stamins used to make Saffron",,,,""
plant_flower_Crocus_05,Flower - Crocus_05,Crocus,flower,Crocus,Asparagales,Iridaceae,flower,30,10,"stamins used to make Saffron",,,,""
plant_flower_Crocus_06,Flower - Crocus_06,Crocus,flower,Crocus,Asparagales,Iridaceae,flower,30,10,"stamins used to make Saffron",,,,""
plant_flower_Crocus_07,Flower - Crocus_07,Crocus,flower,Crocus,Asparagales,Iridaceae,flower,30,10,"stamins used to make Saffron",,,,""
plant_flower_Crocus_08,Flower - Crocus_08,Crocus,flower,Crocus,Asparagales,Iridaceae,flower,30,10,"stamins used to make Saffron",,,,""
plant_flower_Crocus_09,Flower - Crocus_09,Crocus,flower,Crocus,Asparagales,Iridaceae,flower,30,10,"stamins used to make Saffron",,,,""
plant_flower_CytisusRuthenicus_01,Flower - CytisusRuthenicus_01,CytisusRuthenicus,flower,,Fabales,Fabaceae,flowering shrub,,,"",,,,""
plant_flower_CytisusRuthenicus_02,Flower - CytisusRuthenicus_02,CytisusRuthenicus,flower,,Fabales,Fabaceae,flowering shrub,,,"",,,,""
plant_flower_CytisusRuthenicus_03,Flower - CytisusRuthenicus_03,CytisusRuthenicus,flower,,Fabales,Fabaceae,flowering shrub,,,"",,,,""
plant_flower_Dactylis_01,Flower - Dactylis_01,Dactylis,flower,Orchard Grass,,Poaceae,grass,1400,200,"also known as cocksfoot it may be harvested four times a year and remains productive during 4 to 8 year",,,,""
plant_flower_Dactylis_02,Flower - Dactylis_02,Dactylis,flower,Orchard Grass,,Poaceae,grass,1400,200,"also known as cocksfoot it may be harvested four times a year and remains productive during 4 to 8 year",,,,""
plant_flower_Dahlia_01,Flower - Dahlia_01,Dahlia,flower,Dahlia,,Asteraceae,flower,400,90,"sweet potato-like tubers",,,,"fruit sugar, extracted from dahlia tubers also known as diabetic sugar"
plant_flower_Dahlia_02,Flower - Dahlia_02,Dahlia,flower,Dahlia,,Asteraceae,flower,400,90,"sweet potato-like tubers",,,,"fruit sugar, extracted from dahlia tubers also known as diabetic sugar"
plant_flower_Dahlia_03,Flower - Dahlia_03,Dahlia,flower,Dahlia,,Asteraceae,flower,400,90,"sweet potato-like tubers",,,,"fruit sugar, extracted from dahlia tubers also known as diabetic sugar"
plant_flower_Dahlia_04,Flower - Dahlia_04,Dahlia,flower,Dahlia,,Asteraceae,flower,400,90,"sweet potato-like tubers",,,,"fruit sugar, extracted from dahlia tubers also known as diabetic sugar"
plant_flower_Dahlia_05,Flower - Dahlia_05,Dahlia,flower,Dahlia,,Asteraceae,flower,400,90,"sweet potato-like tubers",,,,"fruit sugar, extracted from dahlia tubers also known as diabetic sugar"
plant_flower_Dahlia_06,Flower - Dahlia_06,Dahlia,flower,Dahlia,,Asteraceae,flower,400,90,"sweet potato-like tubers",,,,"fruit sugar, extracted from dahlia tubers also known as diabetic sugar"
plant_flower_Dahlia_07,Flower - Dahlia_07,Dahlia,flower,Dahlia,,Asteraceae,flower,400,90,"sweet potato-like tubers",,,,"fruit sugar, extracted from dahlia tubers also known as diabetic sugar"
plant_flower_Dahlia_08,Flower - Dahlia_08,Dahlia,flower,Dahlia,,Asteraceae,flower,400,90,"sweet potato-like tubers",,,,"fruit sugar, extracted from dahlia tubers also known as diabetic sugar"
plant_flower_Dahlia_09,Flower - Dahlia_09,Dahlia,flower,Dahlia,,Asteraceae,flower,400,90,"sweet potato-like tubers",,,,"fruit sugar, extracted from dahlia tubers also known as diabetic sugar"
plant_flower_Dahlia_10,Flower - Dahlia_10,Dahlia,flower,Dahlia,,Asteraceae,flower,400,90,"sweet potato-like tubers",,,,"fruit sugar, extracted from dahlia tubers also known as diabetic sugar"
plant_flower_Dahlia_11,Flower - Dahlia_11,Dahlia,flower,Dahlia,,Asteraceae,flower,400,90,"sweet potato-like tubers",,,,"fruit sugar, extracted from dahlia tubers also known as diabetic sugar"
plant_flower_Dahlia_12,Flower - Dahlia_12,Dahlia,flower,Dahlia,,Asteraceae,flower,400,90,"sweet potato-like tubers",,,,"fruit sugar, extracted from dahlia tubers also known as diabetic sugar"
plant_flower_Dahlia_13,Flower - Dahlia_13,Dahlia,flower,Dahlia,,Asteraceae,flower,400,90,"sweet potato-like tubers",,,,"fruit sugar, extracted from dahlia tubers also known as diabetic sugar"
plant_flower_Delphinium_01,Flower - Delphinium_01,Delphinium,flower,Larkspur,Ranunculales,Ranunculaceae,flower,1800,200,"dolphin shaped flowers - purple",,,,""
plant_flower_Delphinium_02,Flower - Delphinium_02,Delphinium,flower,Larkspur,Ranunculales,Ranunculaceae,flower,1800,200,"dolphin shaped flowers - purple",,,,""
plant_flower_Delphinium_03,Flower - Delphinium_03,Delphinium,flower,Larkspur,Ranunculales,Ranunculaceae,flower,1800,200,"dolphin shaped flowers - purple",,,,""
plant_flower_Delphinium_04,Flower - Delphinium_04,Delphinium,flower,Larkspur,Ranunculales,Ranunculaceae,flower,1800,200,"dolphin shaped flowers - purple",,,,""
plant_flower_DianthusBarbatus_01,Flower - DianthusBarbatus_01,DianthusBarbatus,flower,Sweet William,Caryophyllales,Caryophyllaceae,flower,600,30,"ornamental garden plant",,,,""
plant_flower_DianthusBarbatus_02,Flower - DianthusBarbatus_02,DianthusBarbatus,flower,Sweet William,Caryophyllales,Caryophyllaceae,flower,600,30,"ornamental garden plant",,,,""
plant_flower_DianthusBarbatus_03,Flower - DianthusBarbatus_03,DianthusBarbatus,flower,Sweet William,Caryophyllales,Caryophyllaceae,flower,600,30,"ornamental garden plant",,,,""
plant_flower_DianthusBarbatus_04,Flower - DianthusBarbatus_04,DianthusBarbatus,flower,Sweet William,Caryophyllales,Caryophyllaceae,flower,600,30,"ornamental garden plant",,,,""
plant_flower_DianthusBarbatus_05,Flower - DianthusBarbatus_05,DianthusBarbatus,flower,Sweet William,Caryophyllales,Caryophyllaceae,flower,600,30,"ornamental garden plant",,,,""
plant_flower_Doronicum_01,Flower - Doronicum_01,Doronicum,flower,Leopard's-banes,Sunflower,Asteraceae,flower,1200,20,"part of sunflower family they have yellow, daisy-like flowerheads",,,,""
plant_flower_Doronicum_02,Flower - Doronicum_02,Doronicum,flower,Leopard's-banes,Sunflower,Asteraceae,flower,1200,20,"part of sunflower family they have yellow, daisy-like flowerheads",,,,""
plant_flower_Doronicum_03,Flower - Doronicum_03,Doronicum,flower,Leopard's-banes,Sunflower,Asteraceae,flower,1200,20,"part of sunflower family they have yellow, daisy-like flowerheads",,,,""
plant_flower_Doronicum_04,Flower - Doronicum_04,Doronicum,flower,Leopard's-banes,Sunflower,Asteraceae,flower,1200,20,"part of sunflower family they have yellow, daisy-like flowerheads",,,,""
plant_flower_EchinaceaPurpurea_01,Flower - EchinaceaPurpurea_01,EchinaceaPurpurea,flower,Purple coneflower,Asterales,Asteraceae,flower,1500,20,"",,,,"Echinacea purpurea contains alkamides, caffeic acid derivatives, polysaccharides, and glycoproteins"
plant_flower_EchinaceaPurpurea_02,Flower - EchinaceaPurpurea_02,EchinaceaPurpurea,flower,Purple coneflower,Asterales,Asteraceae,flower,1500,20,"",,,,"Echinacea purpurea contains alkamides, caffeic acid derivatives, polysaccharides, and glycoproteins"
plant_flower_EchinaceaPurpurea_03,Flower - EchinaceaPurpurea_03,EchinaceaPurpurea,flower,Purple coneflower,Asterales,Asteraceae,flower,1500,20,"",,,,"Echinacea purpurea contains alkamides, caffeic acid derivatives, polysaccharides, and glycoproteins"
plant_flower_EchinaceaPurpurea_04,Flower - EchinaceaPurpurea_04,EchinaceaPurpurea,flower,Purple coneflower,Asterales,Asteraceae,flower,1500,20,"",,,,"Echinacea purpurea contains alkamides, caffeic acid derivatives, polysaccharides, and glycoproteins"
plant_flower_EchinaceaPurpurea_05,Flower - EchinaceaPurpurea_05,EchinaceaPurpurea,flower,Purple coneflower,Asterales,Asteraceae,flower,1500,20,"",,,,"Echinacea purpurea contains alkamides, caffeic acid derivatives, polysaccharides, and glycoproteins"
plant_flower_EchinaceaPurpurea_06,Flower - EchinaceaPurpurea_06,EchinaceaPurpurea,flower,Purple coneflower,Asterales,Asteraceae,flower,1500,20,"",,,,"Echinacea purpurea contains alkamides, caffeic acid derivatives, polysaccharides, and glycoproteins"
plant_flower_EchinaceaPurpurea_07,Flower - EchinaceaPurpurea_07,EchinaceaPurpurea,flower,Purple coneflower,Asterales,Asteraceae,flower,1500,20,"",,,,"Echinacea purpurea contains alkamides, caffeic acid derivatives, polysaccharides, and glycoproteins"
plant_flower_EchinaceaPurpurea_08,Flower - EchinaceaPurpurea_08,EchinaceaPurpurea,flower,Purple coneflower,Asterales,Asteraceae,flower,1500,20,"",,,,"Echinacea purpurea contains alkamides, caffeic acid derivatives, polysaccharides, and glycoproteins"
plant_flower_EchinaceaPurpurea_09,Flower - EchinaceaPurpurea_09,EchinaceaPurpurea,flower,Purple coneflower,Asterales,Asteraceae,flower,1500,20,"",,,,"Echinacea purpurea contains alkamides, caffeic acid derivatives, polysaccharides, and glycoproteins"
plant_flower_EchinaceaPurpurea_10,Flower - EchinaceaPurpurea_10,EchinaceaPurpurea,flower,Purple coneflower,Asterales,Asteraceae,flower,1500,20,"",,,,"Echinacea purpurea contains alkamides, caffeic acid derivatives, polysaccharides, and glycoproteins"
plant_flower_EpilobiumAngustifolium_01,Flower - EpilobiumAngustifolium_01,EpilobiumAngustifolium,flower,Fireweed,Myrtales,Onagraceae,flower,2500,30,"also known as rosebay or willowherb the flowers make nice jam",,,,""
plant_flower_EpilobiumAngustifolium_02,Flower - EpilobiumAngustifolium_02,EpilobiumAngustifolium,flower,Fireweed,Myrtales,Onagraceae,flower,2500,30,"also known as rosebay or willowherb the flowers make nice jam",,,,""
plant_flower_EquisetumArvense_01,Flower - EquisetumArvense_01,EquisetumArvense,flower,Field Horsetail,Equisetales,Equisetaceae,bush,900,8,"eaten as vegetable",,,,"rich in silicon (10%), potassium, calcium, manganese, magnesium and phosphorus, phytosterols, dietary fiber, vitamins A, E and C, tannins, alkaloids, saponins, flavonoids, glycosides and caffeic acid phenolic ester"
plant_flower_EquisetumArvense_02,Flower - EquisetumArvense_02,EquisetumArvense,flower,Field Horsetail,Equisetales,Equisetaceae,bush,900,8,"eaten as vegetable",,,,"rich in silicon (10%), potassium, calcium, manganese, magnesium and phosphorus, phytosterols, dietary fiber, vitamins A, E and C, tannins, alkaloids, saponins, flavonoids, glycosides and caffeic acid phenolic ester"
plant_flower_EquisetumArvense_03,Flower - EquisetumArvense_03,EquisetumArvense,flower,Field Horsetail,Equisetales,Equisetaceae,bush,900,8,"eaten as vegetable",,,,"rich in silicon (10%), potassium, calcium, manganese, magnesium and phosphorus, phytosterols, dietary fiber, vitamins A, E and C, tannins, alkaloids, saponins, flavonoids, glycosides and caffeic acid phenolic ester"
plant_flower_ErodiumCicutarium_01,Flower - ErodiumCicutarium_01,ErodiumCicutarium,flower,Common stork's-bill,Geraniales,Geraniaceae,bush,600,20,"edible plant similar to sharp parsley",,,,"Raw Hairy stork's bill are 90.6% water, 7.9% carbohydrates, 0.6% protein, 3% dietary fiber, 0.8% ash and 0.1% fat"
plant_flower_ErodiumCicutarium_02,Flower - ErodiumCicutarium_02,ErodiumCicutarium,flower,Common stork's-bill,Geraniales,Geraniaceae,bush,600,20,"edible plant similar to sharp parsley",,,,"Raw Hairy stork's bill are 90.6% water, 7.9% carbohydrates, 0.6% protein, 3% dietary fiber, 0.8% ash and 0.1% fat"
plant_flower_Erysimum_01,Flower - Erysimum_01,Erysimum,flower,Wallflowers,Brassicales,Brassicaceae,flowering plant,530,20,"grows nicely up walls - hence the name",,,,""
plant_flower_Erysimum_02,Flower - Erysimum_02,Erysimum,flower,Wallflowers,Brassicales,Brassicaceae,flowering plant,530,20,"grows nicely up walls - hence the name",,,,""
plant_flower_Eschscholzia_01,Flower - Eschscholzia_01,Eschscholzia,flower,Yellow Poppy,Eschscholzia,Papaveraceae,flower,300,20,"poppy flowers - yellow or orange",,,,""
plant_flower_Eschscholzia_02,Flower - Eschscholzia_02,Eschscholzia,flower,Yellow Poppy,Eschscholzia,Papaveraceae,flower,300,20,"poppy flowers - yellow or orange",,,,""
plant_flower_Eschscholzia_03,Flower - Eschscholzia_03,Eschscholzia,flower,Yellow Poppy,Eschscholzia,Papaveraceae,flower,300,20,"poppy flowers - yellow or orange",,,,""
plant_flower_Eschscholzia_04,Flower - Eschscholzia_04,Eschscholzia,flower,Yellow Poppy,Eschscholzia,Papaveraceae,flower,300,20,"poppy flowers - yellow or orange",,,,""
plant_flower_Eschscholzia_05,Flower - Eschscholzia_05,Eschscholzia,flower,Yellow Poppy,Eschscholzia,Papaveraceae,flower,300,20,"poppy flowers - yellow or orange",,,,""
plant_flower_Eschscholzia_06,Flower - Eschscholzia_06,Eschscholzia,flower,Yellow Poppy,Eschscholzia,Papaveraceae,flower,300,20,"poppy flowers - yellow or orange",,,,""
plant_flower_Filipendula_01,Flower - Filipendula_01,Filipendula,flower,Meadowsweet,Rosales,Rosaceae,flowering plant,2000,40,"used as food plants by the larvae of some moths",,,,""
plant_flower_Filipendula_02,Flower - Filipendula_02,Filipendula,flower,Meadowsweet,Rosales,Rosaceae,flowering plant,2000,40,"used as food plants by the larvae of some moths",,,,""
plant_flower_Filipendula_02,Flower - Filipendula_03,Filipendula,flower,Meadowsweet,Rosales,Rosaceae,flowering plant,2000,40,"used as food plants by the larvae of some moths",,,,""
plant_flower_FilipendulaAureovariegata_01,Flower - FilipendulaAureovariegata_01,FilipendulaAureovariegata,flower,Queen Of The Meadow,Rosales,Rosaceae,flowering plant,1500,,"",,,,""
plant_flower_FilipendulaAureovariegata_02,Flower - FilipendulaAureovariegata_02,FilipendulaAureovariegata,flower,Queen Of The Meadow,Rosales,Rosaceae,flowering plant,1500,,"",,,,""
plant_flower_FilipendulaAureovariegata_03,Flower - FilipendulaAureovariegata_03,FilipendulaAureovariegata,flower,Queen Of The Meadow,Rosales,Rosaceae,flowering plant,1500,,"",,,,""
plant_flower_FragariaVesca_01,Flower - FragariaVesca_01 (Strawberry),FragariaVesca,flower,Wild Strawberry,Rosales,Rosaceae,herbaceous plant,100,30,"delicious fruit and used in jams and cooking recipes",,,,""
plant_flower_FragariaVesca_02,Flower - FragariaVesca_02 (Strawberry),FragariaVesca,flower,Wild Strawberry,Rosales,Rosaceae,herbaceous plant,100,30,"delicious fruit and used in jams and cooking recipes",,,,""
plant_flower_FragariaVesca_03,Flower - FragariaVesca_03 (Strawberry),FragariaVesca,flower,Wild Strawberry,Rosales,Rosaceae,herbaceous plant,100,30,"delicious fruit and used in jams and cooking recipes",,,,""
plant_flower_FragariaVesca_04,Flower - FragariaVesca_04 (Strawberry),FragariaVesca,flower,Wild Strawberry,Rosales,Rosaceae,herbaceous plant,100,30,"delicious fruit and used in jams and cooking recipes",,,,""
plant_flower_FragariaVesca_05,Flower - FragariaVesca_05 (Strawberry),FragariaVesca,flower,Wild Strawberry,Rosales,Rosaceae,herbaceous plant,100,30,"delicious fruit and used in jams and cooking recipes",,,,""
plant_flower_FragariaVesca_06,Flower - FragariaVesca_06 (Strawberry),FragariaVesca,flower,Wild Strawberry,Rosales,Rosaceae,herbaceous plant,100,30,"delicious fruit and used in jams and cooking recipes",,,,""
plant_flower_FragariaVesca_07,Flower - FragariaVesca_07 (Strawberry),FragariaVesca,flower,Wild Strawberry,Rosales,Rosaceae,herbaceous plant,100,30,"delicious fruit and used in jams and cooking recipes",,,,""
plant_flower_Gagea_01,Flower - Gagea_01,Gagea,flower,Gagea,Lilieae,Liliaceae,flower,,,"Lily flowers",,,,""
plant_flower_Gagea_02,Flower - Gagea_02,Gagea,flower,Gagea,Lilieae,Liliaceae,flower,,,"Lily flowers",,,,""
plant_flower_Gagea_03,Flower - Gagea_03,Gagea,flower,Gagea,Lilieae,Liliaceae,flower,,,"Lily flowers",,,,""
plant_flower_Gazania_01,Flower - Gazania_01,Gazania,flower,,,,,,,"",,,,""
plant_flower_Gazania_02,Flower - Gazania_02,Gazania,flower,,,,,,,"",,,,""
plant_flower_Gazania_03,Flower - Gazania_03,Gazania,flower,,,,,,,"",,,,""
plant_flower_Gazania_04,Flower - Gazania_04,Gazania,flower,,,,,,,"",,,,""
plant_flower_Gazania_05,Flower - Gazania_05,Gazania,flower,,,,,,,"",,,,""
plant_flower_Gazania_06,Flower - Gazania_06,Gazania,flower,,,,,,,"",,,,""
plant_flower_GeraniumPratense_01,Flower - GeraniumPratense_01,GeraniumPratense,flower,,,,,,,"",,,,""
plant_flower_GeraniumPratense_02,Flower - GeraniumPratense_02,GeraniumPratense,flower,,,,,,,"",,,,""
plant_flower_GeraniumPratense_03,Flower - GeraniumPratense_03,GeraniumPratense,flower,,,,,,,"",,,,""
plant_flower_GeumUrbanum_01,Flower - GeumUrbanum_01,GeumUrbanum,flower,,,,,,,"",,,,""
plant_flower_GeumUrbanum_02,Flower - GeumUrbanum_02,GeumUrbanum,flower,,,,,,,"",,,,""
plant_flower_GeumUrbanum_03,Flower - GeumUrbanum_03,GeumUrbanum,flower,,,,,,,"",,,,""
plant_flower_GlechomaHederacea_01,Flower - GlechomaHederacea_01,GlechomaHederacea,flower,,,,,,,"",,,,""
plant_flower_GlechomaHederacea_02,Flower - GlechomaHederacea_02,GlechomaHederacea,flower,,,,,,,"",,,,""
plant_flower_GlechomaHederacea_03,Flower - GlechomaHederacea_03,GlechomaHederacea,flower,,,,,,,"",,,,""
plant_flower_GlechomaHederacea_04,Flower - GlechomaHederacea_04,GlechomaHederacea,flower,,,,,,,"",,,,""
plant_flower_GlechomaHederacea_05,Flower - GlechomaHederacea_05,GlechomaHederacea,flower,,,,,,,"",,,,""
plant_flower_Godetia_01,Flower - Godetia_01,Godetia,flower,,,,,,,"",,,,""
plant_flower_Godetia_02,Flower - Godetia_02,Godetia,flower,,,,,,,"",,,,""
plant_flower_Godetia_03,Flower - Godetia_03,Godetia,flower,,,,,,,"",,,,""
plant_flower_Godetia_04,Flower - Godetia_04,Godetia,flower,,,,,,,"",,,,""
plant_flower_Godetia_05,Flower - Godetia_05,Godetia,flower,,,,,,,"",,,,""
plant_flower_Godetia_06,Flower - Godetia_06,Godetia,flower,,,,,,,"",,,,""
plant_flower_Helianthus_10,Flower - Helianthus_10,Helianthus,flower,,,,,,,"",,,,""
plant_flower_Helianthus_01,Flower - Helianthus_01,Helianthus,flower,,,,,,,"",,,,""
plant_flower_Helianthus_02,Flower - Helianthus_02,Helianthus,flower,,,,,,,"",,,,""
plant_flower_Helianthus_03,Flower - Helianthus_03,Helianthus,flower,,,,,,,"",,,,""
plant_flower_Helianthus_04,Flower - Helianthus_04,Helianthus,flower,,,,,,,"",,,,""
plant_flower_Helianthus_05,Flower - Helianthus_05,Helianthus,flower,,,,,,,"",,,,""
plant_flower_Helianthus_06,Flower - Helianthus_06,Helianthus,flower,,,,,,,"",,,,""
plant_flower_Helianthus_07,Flower - Helianthus_07,Helianthus,flower,,,,,,,"",,,,""
plant_flower_Helianthus_08,Flower - Helianthus_08,Helianthus,flower,,,,,,,"",,,,""
plant_flower_Helianthus_09,Flower - Helianthus_09,Helianthus,flower,,,,,,,"",,,,""
plant_flower_HelichrysumBracteatum_01,Flower - HelichrysumBracteatum_01,HelichrysumBracteatum,flower,,,,,,,"",,,,""
plant_flower_HelichrysumBracteatum_02,Flower - HelichrysumBracteatum_02,HelichrysumBracteatum,flower,,,,,,,"",,,,""
plant_flower_HelichrysumBracteatum_03,Flower - HelichrysumBracteatum_03,HelichrysumBracteatum,flower,,,,,,,"",,,,""
plant_flower_HelichrysumBracteatum_04,Flower - HelichrysumBracteatum_04,HelichrysumBracteatum,flower,,,,,,,"",,,,""
plant_flower_HelichrysumBracteatum_05,Flower - HelichrysumBracteatum_05,HelichrysumBracteatum,flower,,,,,,,"",,,,""
plant_flower_HelichrysumBracteatum_06,Flower - HelichrysumBracteatum_06,HelichrysumBracteatum,flower,,,,,,,"",,,,""
plant_flower_HelichrysumBracteatum_07,Flower - HelichrysumBracteatum_07,HelichrysumBracteatum,flower,,,,,,,"",,,,""
plant_flower_Heliopsis_01,Flower - Heliopsis_01,Heliopsis,flower,,,,,,,"",,,,""
plant_flower_Heliopsis_02,Flower - Heliopsis_02,Heliopsis,flower,,,,,,,"",,,,""
plant_flower_Heliopsis_03,Flower - Heliopsis_03,Heliopsis,flower,,,,,,,"",,,,""
plant_flower_Heliopsis_04,Flower - Heliopsis_04,Heliopsis,flower,,,,,,,"",,,,""
plant_flower_Heliopsis_05,Flower - Heliopsis_05,Heliopsis,flower,,,,,,,"",,,,""
plant_flower_Heliopsis_06,Flower - Heliopsis_06,Heliopsis,flower,,,,,,,"",,,,""
plant_flower_HemerocallisLilioasphodelus_01,Flower - HemerocallisLilioasphodelus_01,HemerocallisLilioasphodelus,flower,,,,,,,"",,,,""
plant_flower_HemerocallisLilioasphodelus_02,Flower - HemerocallisLilioasphodelus_02,HemerocallisLilioasphodelus,flower,,,,,,,"",,,,""
plant_flower_HemerocallisLilioasphodelus_03,Flower - HemerocallisLilioasphodelus_03,HemerocallisLilioasphodelus,flower,,,,,,,"",,,,""
plant_flower_HemerocallisLilioasphodelus_04,Flower - HemerocallisLilioasphodelus_04,HemerocallisLilioasphodelus,flower,,,,,,,"",,,,""
plant_flower_HemerocallisLilioasphodelus_05,Flower - HemerocallisLilioasphodelus_05,HemerocallisLilioasphodelus,flower,,,,,,,"",,,,""
plant_flower_HemerocallisLilioasphodelus_06,Flower - HemerocallisLilioasphodelus_06,HemerocallisLilioasphodelus,flower,,,,,,,"",,,,""
plant_flower_HemerocallisLilioasphodelus_07,Flower - HemerocallisLilioasphodelus_07,HemerocallisLilioasphodelus,flower,,,,,,,"",,,,""
plant_flower_HemerocallisLilioasphodelus_08,Flower - HemerocallisLilioasphodelus_08,HemerocallisLilioasphodelus,flower,,,,,,,"",,,,""
plant_flower_Heracleum_01,Flower - Heracleum_01,Heracleum,flower,,,,,,,"",,,,""
plant_flower_Heracleum_02,Flower - Heracleum_02,Heracleum,flower,,,,,,,"",,,,""
plant_flower_Hosta_11,Flower - Hosta_11,Hosta,flower,,,,,,,"",,,,""
plant_flower_Hosta_12,Flower - Hosta_12,Hosta,flower,,,,,,,"",,,,""
plant_flower_Hosta_13,Flower - Hosta_13,Hosta,flower,,,,,,,"",,,,""
plant_flower_Hosta_01,Flower - Hosta_01,Hosta,flower,,,,,,,"",,,,""
plant_flower_Hosta_02,Flower - Hosta_02,Hosta,flower,,,,,,,"",,,,""
plant_flower_Hosta_03,Flower - Hosta_03,Hosta,flower,,,,,,,"",,,,""
plant_flower_Hosta_04,Flower - Hosta_04,Hosta,flower,,,,,,,"",,,,""
plant_flower_Hosta_05,Flower - Hosta_05,Hosta,flower,,,,,,,"",,,,""
plant_flower_Hosta_06,Flower - Hosta_06,Hosta,flower,,,,,,,"",,,,""
plant_flower_Hosta_07,Flower - Hosta_07,Hosta,flower,,,,,,,"",,,,""
plant_flower_Hosta_08,Flower - Hosta_08,Hosta,flower,,,,,,,"",,,,""
plant_flower_Hosta_09,Flower - Hosta_09,Hosta,flower,,,,,,,"",,,,""
plant_flower_HypericumPerforatum_01,Flower - HypericumPerforatum_01,HypericumPerforatum,flower,,,,,,,"",,,,""
plant_flower_HypericumPerforatum_02,Flower - HypericumPerforatum_02,HypericumPerforatum,flower,,,,,,,"",,,,""
plant_flower_Iris_01,Flower - Iris_01,Iris,flower,,,,,,,"",,,,""
plant_flower_Iris_02,Flower - Iris_02,Iris,flower,,,,,,,"",,,,""
plant_flower_Iris_03,Flower - Iris_03,Iris,flower,,,,,,,"",,,,""
plant_flower_Iris_04,Flower - Iris_04,Iris,flower,,,,,,,"",,,,""
plant_flower_Iris_05,Flower - Iris_05,Iris,flower,,,,,,,"",,,,""
plant_flower_Iris_06,Flower - Iris_06,Iris,flower,,,,,,,"",,,,""
plant_flower_Knautia_01,Flower - Knautia_01,Knautia,flower,,,,,,,"",,,,""
plant_flower_Knautia_02,Flower - Knautia_02,Knautia,flower,,,,,,,"",,,,""
plant_flower_LamiumAmplexicaule_01,Flower - LamiumAmplexicaule_01,LamiumAmplexicaule,flower,,,,,,,"",,,,""
plant_flower_LamiumAmplexicaule_02,Flower - LamiumAmplexicaule_02,LamiumAmplexicaule,flower,,,,,,,"",,,,""
plant_flower_LathyrusVernus_01,Flower - LathyrusVernus_01,LathyrusVernus,flower,,,,,,,"",,,,""
plant_flower_LathyrusVernus_02,Flower - LathyrusVernus_02,LathyrusVernus,flower,,,,,,,"",,,,""
plant_flower_LathyrusVernus_03,Flower - LathyrusVernus_03,LathyrusVernus,flower,,,,,,,"",,,,""
plant_flower_LathyrusVernus_04,Flower - LathyrusVernus_04,LathyrusVernus,flower,,,,,,,"",,,,""
plant_flower_LathyrusVernus_05,Flower - LathyrusVernus_05,LathyrusVernus,flower,,,,,,,"",,,,""
plant_flower_Lavandula_01,Flower - Lavandula_01 (Lavender),Lavandula,flower,,,,,,,"",,,,""
plant_flower_Lavandula_02,Flower - Lavandula_02 (Lavender),Lavandula,flower,,,,,,,"",,,,""
plant_flower_Lavandula_03,Flower - Lavandula_03 (Lavender),Lavandula,flower,,,,,,,"",,,,""
plant_flower_Lavandula_04,Flower - Lavandula_04 (Lavender),Lavandula,flower,,,,,,,"",,,,""
plant_flower_Lavatera_01,Flower - Lavatera_01 (Tree Mallows),Lavatera,flower,,,,,,,"",,,,""
plant_flower_Lavatera_02,Flower - Lavatera_02 (Tree Mallows),Lavatera,flower,,,,,,,"",,,,""
plant_flower_Leonurus_01,Flower - Leonurus_01 (Chinese motherwort),Leonurus,flower,,,,,,,"",,,,""
plant_flower_Leonurus_02,Flower - Leonurus_02 (Chinese motherwort),Leonurus,flower,,,,,,,"",,,,""
plant_flower_Leonurus_03,Flower - Leonurus_03 (Chinese motherwort),Leonurus,flower,,,,,,,"",,,,""
plant_flower_Leucanthemum_01,Flower -Leucanthemum_01 (Shasta Daisy),Leucanthemum,flower,,,,,,,"",,,,""
plant_flower_Leucanthemum_02,Flower -Leucanthemum_02 (Shasta Daisy),Leucanthemum,flower,,,,,,,"",,,,""
plant_flower_Leucanthemum_03,Flower -Leucanthemum_03 (Shasta Daisy),Leucanthemum,flower,,,,,,,"",,,,""
plant_flower_Leucanthemum_04,Flower -Leucanthemum_04 (Shasta Daisy),Leucanthemum,flower,,,,,,,"",,,,""
plant_flower_Leucanthemum_05,Flower -Leucanthemum_05 (Shasta Daisy),Leucanthemum,flower,,,,,,,"",,,,""
plant_flower_Leucanthemum_06,Flower -Leucanthemum_06 (Shasta Daisy),Leucanthemum,flower,,,,,,,"",,,,""
plant_flower_Lilium_01,Flower - Lilium_01 (Red Lily),Lilium,flower,,,,,,,"",,,,""
plant_flower_Lilium_02,Flower - Lilium_02 (Yellow Lily),Lilium,flower,,,,,,,"",,,,""
plant_flower_Lilium_03,Flower - Lilium_03 (Yellow Lily),Lilium,flower,,,,,,,"",,,,""
plant_flower_Lilium_04,Flower - Lilium_04 (Red Lily),Lilium,flower,,,,,,,"",,,,""
plant_flower_Lilium_05,Flower - Lilium_05 (Orange Lily),Lilium,flower,,,,,,,"",,,,""
plant_flower_Lilium_06,Flower - Lilium_06 (Red Lily),Lilium,flower,,,,,,,"",,,,""
plant_flower_Lilium_07,Flower - Lilium_07 (White Lily),Lilium,flower,,,,,,,"",,,,""
plant_flower_Lilium_08,Flower - Lilium_08 (Yellow Lily),Lilium,flower,,,,,,,"",,,,""
plant_flower_Lilium_09,Flower - Lilium_09 (Pink Lily),Lilium,flower,,,,,,,"",,,,""
plant_flower_LinariaVulgaris_01,Flower - LinariaVulgaris_01 (Yellow Toadflax),LinariaVulgaris,flower,,,,,,,"",,,,""
plant_flower_LinariaVulgaris_02,Flower - LinariaVulgaris_02 (Yellow Toadflax),LinariaVulgaris,flower,,,,,,,"",,,,""
plant_flower_LinariaVulgaris_03,Flower - LinariaVulgaris_02 (Yellow Toadflax),LinariaVulgaris,flower,,,,,,,"",,,,""
plant_flower_Lobelia_01,Flower - Lobelia_01 (Pink),Lobelia,flower,,,,,,,"",,,,""
plant_flower_Lobelia_02,Flower - Lobelia_02 (Pink),Lobelia,flower,,,,,,,"",,,,""
plant_flower_Lobelia_03,Flower - Lobelia_03 (Blue),Lobelia,flower,,,,,,,"",,,,""
plant_flower_Lobelia_04,Flower - Lobelia_04 (Blue),Lobelia,flower,,,,,,,"",,,,""
plant_flower_LoliumPerenne_01,Flower - LoliumPerenne_01 (Ryegrass),LoliumPerenne,flower,,,,,,,"",,,,""
plant_flower_LoliumPerenne_02,Flower - LoliumPerenne_02 (Ryegrass),LoliumPerenne,flower,,,,,,,"",,,,""
plant_flower_Lupinus_01,Flower - Lupinus (Blue Lupine),Lupinus,flower,,,,,,,"",,,,""
plant_flower_Lupinus_02,Flower - Lupinus (Red Lupine),Lupinus,flower,,,,,,,"",,,,""
plant_flower_Lupinus_03,Flower - Lupinus (Pink Lupine),Lupinus,flower,,,,,,,"",,,,""
plant_flower_Lupinus_04,Flower - Lupinus (Yellow Lupine),Lupinus,flower,,,,,,,"",,,,""
plant_flower_Lupinus_05,Flower - Lupinus (White Lupine),Lupinus,flower,,,,,,,"",,,,""
plant_flower_LythrumSalicaria_01,Flower - LythrumSalicaria (Purple Loosestrife),LythrumSalicaria,flower,,,,,,,"",,,,""
plant_flower_LythrumSalicaria_02,Flower - LythrumSalicaria (Large Purple Loosestrife),LythrumSalicaria,flower,,,,,,,"",,,,""
plant_flower_Matthiola_01,Flower - Matthiola (Stocks),Matthiola,flower,,,,,,,"",,,,""
plant_flower_Matthiola_02,Flower - Matthiola (Stocks),Matthiola,flower,,,,,,,"",,,,""
plant_flower_Matthiola_03,Flower - Matthiola (Stocks),Matthiola,flower,,,,,,,"",,,,""
plant_flower_Melilotus_01,Flower - Melilotus (Yellow Sweet clover),Melilotus,flower,,,,,,,"",,,,""
plant_flower_MenthaAquatica_01,Flower - MenthaAquatica (Water Mint),MenthaAquatica,flower,,,,,,,"",,,,""
plant_flower_MenthaAquatica_02,Flower - MenthaAquatica (Water Mint),MenthaAquatica,flower,,,,,,,"",,,,""
plant_flower_Muskari_01,Flower - Muskari (Grape Hyacinth),Muskari,flower,,,,,,,"",,,,""
plant_flower_Muskari_02,Flower - Muskari (Grape Hyacinth),Muskari,flower,,,,,,,"",,,,""
plant_flower_Muskari_03,Flower - Muskari (Large Grape Hyacinth),Muskari,flower,,,,,,,"",,,,""
plant_flower_Myosotis_01,Flower - Myosotis (Forget-Me-Not),Myosotis,flower,,,,,,,"",,,,""
plant_flower_Myosotis_02,Flower - Myosotis (Forget-Me-Not),Myosotis,flower,,,,,,,"",,,,""
plant_flower_Myosotis_03,Flower - Myosotis (Forget-Me-Not),Myosotis,flower,,,,,,,"",,,,""
plant_flower_Myosotis_04,Flower - Myosotis (Forget-Me-Not),Myosotis,flower,,,,,,,"",,,,""
plant_flower_Narcissus_01,Flower - Narcissus (White Daffodil),Narcissus,flower,,,,,,,"",,,,""
plant_flower_Narcissus_02,Flower - Narcissus (White Daffodil),Narcissus,flower,,,,,,,"",,,,""
plant_flower_Narcissus_03,Flower - Narcissus (Yellow Daffodil),Narcissus,flower,,,,,,,"",,,,""
plant_flower_Narcissus_04,Flower - Narcissus (Daffodil),Narcissus,flower,,,,,,,"",,,,""
plant_flower_Narcissus_05,Flower - Narcissus (Daffodil),Narcissus,flower,,,,,,,"",,,,""
plant_flower_Narcissus_06,Flower - Narcissus (Daffodil),Narcissus,flower,,,,,,,"",,,,""
plant_flower_Narcissus_07,Flower - Narcissus (Daffodil),Narcissus,flower,,,,,,,"",,,,""
plant_flower_Narcissus_08,Flower - Narcissus (Daffodil),Narcissus,flower,,,,,,,"",,,,""
plant_flower_Narcissus_09,Flower - Narcissus (Daffodil),Narcissus,flower,,,,,,,"",,,,""
plant_flower_Nicotiana_01,Flower - Nicotiana (Tobacco plant),Nicotiana,flower,,,,,,,"",,,,""
plant_flower_Nicotiana_02,Flower - Nicotiana (Red Tobacco plant),Nicotiana,flower,,,,,,,"",,,,""
plant_flower_Nicotiana_03,Flower - Nicotiana (Pale Tobacco plant),Nicotiana,flower,,,,,,,"",,,,""
plant_flower_Nicotiana_04,Flower - Nicotiana (Pink Tobacco plant),Nicotiana,flower,,,,,,,"",,,,""
plant_flower_Oxalis_01,Flower - Oxalis (wood-sorrel),Oxalis,flower,,,,,,,"",,,,""
plant_flower_Oxalis_02,Flower - Oxalis (wood-sorrel, groundcover),Oxalis,flower,,,,,,,"",,,,""
plant_flower_OxalisCorniculata_01,Flower - OxalisCorniculata (Creeping woodsorrel),OxalisCorniculata,flower,,,,,,,"",,,,""
plant_flower_OxalisCorniculata_02,Flower - OxalisCorniculata (Creeping woodsorrel),OxalisCorniculata,flower,,,,,,,"",,,,""
plant_flower_OxalisCorniculata_03,Flower - OxalisCorniculata (Creeping woodsorrel),OxalisCorniculata,flower,,,,,,,"",,,,""
plant_flower_PapaverBud_11,Flower - PapaverBud (Poppy),PapaverBud,flower,,,,,,,"",,,,""
plant_flower_PapaverBud_12,Flower - PapaverBud (Poppy),PapaverBud,flower,,,,,,,"",,,,""
plant_flower_PapaverNudicaleBud_01,Flower - PapaverBud (Iceland Poppy),PapaverNudicaleBud,flower,,,,,,,"",,,,""
plant_flower_PapaverNudicaleBud_02,Flower - PapaverBud (Iceland Poppy),PapaverNudicaleBud,flower,,,,,,,"",,,,""
plant_flower_PapaverNudicaleBud_03,Flower - PapaverBud (Iceland Poppy),PapaverNudicaleBud,flower,,,,,,,"",,,,""
plant_flower_PapaverNudicaleBud_04,Flower - PapaverBud (Iceland Poppy),PapaverNudicaleBud,flower,,,,,,,"",,,,""
plant_flower_PapaverNudicale_01,Flower - PapaverNudicale (Orange Iceland poppy),PapaverNudicale,flower,,,,,,,"",,,,""
plant_flower_PapaverNudicale_02,Flower - PapaverNudicale (Orange Iceland poppy),PapaverNudicale,flower,,,,,,,"",,,,""
plant_flower_PapaverNudicale_03,Flower - PapaverNudicale (Orange Iceland poppy),PapaverNudicale,flower,,,,,,,"",,,,""
plant_flower_PapaverNudicale_04,Flower - PapaverNudicale (Orange Iceland poppy),PapaverNudicale,flower,,,,,,,"",,,,""
plant_flower_PapaverNudicale_05,Flower - PapaverNudicale (Orange Iceland poppy),PapaverNudicale,flower,,,,,,,"",,,,""
plant_flower_PapaverNudicale_06,Flower - PapaverNudicale (Orange Iceland poppy),PapaverNudicale,flower,,,,,,,"",,,,""
plant_flower_PapaverNudicale_07,Flower - PapaverNudicale (Yellow Iceland poppy),PapaverNudicale,flower,,,,,,,"",,,,""
plant_flower_PapaverNudicale_08,Flower - PapaverNudicale (Yellow Iceland poppy),PapaverNudicale,flower,,,,,,,"",,,,""
plant_flower_PapaverNudicale_09,Flower - PapaverNudicale (Yellow Iceland poppy),PapaverNudicale,flower,,,,,,,"",,,,""
plant_flower_Papaver_01,Flower - Papaver (Poppy),Papaver,flower,,,,,,,"",,,,""
plant_flower_Papaver_02,Flower - Papaver (Poppy),Papaver,flower,,,,,,,"",,,,""
plant_flower_Papaver_03,Flower - Papaver (Red Poppy),Papaver,flower,,,,,,,"",,,,""
plant_flower_Papaver_04,Flower - Papaver (Red Poppy),Papaver,flower,,,,,,,"",,,,""
plant_flower_Papaver_05,Flower - Papaver (Red Poppy),Papaver,flower,,,,,,,"",,,,""
plant_flower_Papaver_06,Flower - Papaver (Red Poppy),Papaver,flower,,,,,,,"",,,,""
plant_flower_Papaver_07,Flower - Papaver (Red Poppy),Papaver,flower,,,,,,,"",,,,""
plant_flower_Papaver_08,Flower - Papaver (Red Poppy),Papaver,flower,,,,,,,"",,,,""
plant_flower_Papaver_09,Flower - Papaver (Pink Poppy),Papaver,flower,,,,,,,"",,,,""
plant_flower_Papaver_10,Flower - Papaver (Pink Poppy),Papaver,flower,,,,,,,"",,,,""
plant_flower_Pelargonium_01,Flower - Pelargonium (Pink Geranium),Pelargonium,flower,,,,,,,"",,,,""
plant_flower_Pelargonium_02,Flower - Pelargonium (Purple Geranium),Pelargonium,flower,,,,,,,"",,,,""
plant_flower_Pelargonium_03,Flower - Pelargonium (Purple Geranium),Pelargonium,flower,,,,,,,"",,,,""
plant_flower_PersicariaLapathifolia_01,Flower - PersicariaLapathifolia (Pale smartweed),PersicariaLapathifolia,flower,,,,,,,"",,,,""
plant_flower_Petunia_10,Flower - Petunia (Red),Petunia,flower,,,,,,,"",,,,""
plant_flower_Petunia_11,Flower - Petunia (Purple),Petunia,flower,,,,,,,"",,,,""
plant_flower_Petunia_12,Flower - Petunia (Purple),Petunia,flower,,,,,,,"",,,,""
plant_flower_Petunia_13,Flower - Petunia (Blue),Petunia,flower,,,,,,,"",,,,""
plant_flower_Petunia_14,Flower - Petunia (Blue),Petunia,flower,,,,,,,"",,,,""
plant_flower_Petunia_15,Flower - Petunia (Purple),Petunia,flower,,,,,,,"",,,,""
plant_flower_Petunia_16,Flower - Petunia (White),Petunia,flower,,,,,,,"",,,,""
plant_flower_Petunia_17,Flower - Petunia (Pink),Petunia,flower,,,,,,,"",,,,""
plant_flower_Petunia_18,Flower - Petunia (Pink),Petunia,flower,,,,,,,"",,,,""
plant_flower_Petunia_19,Flower - Petunia (Red),Petunia,flower,,,,,,,"",,,,""
plant_flower_Petunia_20,Flower - Petunia (Pink and White),Petunia,flower,,,,,,,"",,,,""
plant_flower_Petunia_21,Flower - Petunia (Lilac),Petunia,flower,,,,,,,"",,,,""
plant_flower_Petunia_01,Flower - Petunia (Lilac),Petunia,flower,,,,,,,"",,,,""
plant_flower_Petunia_02,Flower - Petunia (Pink),Petunia,flower,,,,,,,"",,,,""
plant_flower_Petunia_03,Flower - Petunia (Pink),Petunia,flower,,,,,,,"",,,,""
plant_flower_Petunia_04,Flower - Petunia (Purple),Petunia,flower,,,,,,,"",,,,""
plant_flower_Petunia_05,Flower - Petunia (no flower),Petunia,flower,,,,,,,"",,,,""
plant_flower_Petunia_06,Flower - Petunia (no flower),Petunia,flower,,,,,,,"",,,,""
plant_flower_Petunia_07,Flower - Petunia (light Purple),Petunia,flower,,,,,,,"",,,,""
plant_flower_Petunia_08,Flower - Petunia (Red and White),Petunia,flower,,,,,,,"",,,,""
plant_flower_Petunia_09,Flower - Petunia (White and Red),Petunia,flower,,,,,,,"",,,,""
plant_flower_PhleumPratense_01,Flower - PhleumPratense (Timothy grass),PhleumPratense,flower,,,,,,,"",,,,""
plant_flower_PhleumPratense_02,Flower - PhleumPratense (Timothy grass),PhleumPratense,flower,,,,,,,"",,,,""
plant_flower_PhleumPratense_03,Flower - PhleumPratense (Timothy grass),PhleumPratense,flower,,,,,,,"",,,,""
plant_flower_Phlox_01,Flower - Phlox (Pink),Phlox,flower,,,,,,,"",,,,""
plant_flower_Phlox_02,Flower - Phlox (Pink),Phlox,flower,,,,,,,"",,,,""
plant_flower_Phlox_03,Flower - Phlox (White and Purple),Phlox,flower,,,,,,,"",,,,""
plant_flower_Phlox_04,Flower - Phlox (White),Phlox,flower,,,,,,,"",,,,""
plant_flower_Phlox_05,Flower - Phlox (Red),Phlox,flower,,,,,,,"",,,,""
plant_flower_Phlox_06,Flower - Phlox (White),Phlox,flower,,,,,,,"",,,,""
plant_flower_Phlox_07,Flower - Phlox (Purple),Phlox,flower,,,,,,,"",,,,""
plant_flower_Phlox_08,Flower - Phlox (White),Phlox,flower,,,,,,,"",,,,""
plant_flower_Plantago_01,Flower - Plantago (aka plantains or fleaworts),Plantago,flower,,,,,,,"",,,,""
plant_flower_Plantago_02,Flower - Plantago (plantains or fleaworts),Plantago,flower,,,,,,,"",,,,""
plant_flower_Plantago_03,Flower - Plantago (plantains or fleaworts),Plantago,flower,,,,,,,"",,,,""
plant_flower_PolemoniumCaeruleum_01,Flower - PolemoniumCaeruleum (Jacobs ladder),PolemoniumCaeruleum,flower,,,,,,,"",,,,""
plant_flower_PolemoniumCaeruleum_02,Flower - PolemoniumCaeruleum (Jacobs ladder),PolemoniumCaeruleum,flower,,,,,,,"",,,,""
plant_flower_PolemoniumCaeruleum_03,Flower - PolemoniumCaeruleum (Jacobs ladder),PolemoniumCaeruleum,flower,,,,,,,"",,,,""
plant_flower_PolygonumHydropiper_01,Flower - PolygonumHydropiper (Water pepper),PolygonumHydropiper,flower,,,,,,,"",,,,""
plant_flower_PolygonumHydropiper_02,Flower - PolygonumHydropiper (Water pepper),PolygonumHydropiper,flower,,,,,,,"",,,,""
plant_flower_PotentillaAnserina_01,Flower - PotentillaAnserina (Silverweed),PotentillaAnserina,flower,,,,,,,"",,,,""
plant_flower_PotentillaAnserina_02,Flower - PotentillaAnserina (Silverweed),PotentillaAnserina,flower,,,,,,,"",,,,""
plant_flower_PotentillaAnserina_03,Flower - PotentillaAnserina (Silverweed),PotentillaAnserina,flower,,,,,,,"",,,,""
plant_flower_PotentillaAnserina_04,Flower - PotentillaAnserina (Silverweed),PotentillaAnserina,flower,,,,,,,"",,,,""
plant_flower_PotentillaAnserina_05,Flower - PotentillaAnserina (Silverweed),PotentillaAnserina,flower,,,,,,,"",,,,""
plant_flower_PotentillaArgentea_01,Flower - PotentillaArgentea (Silver cinquefoil),PotentillaArgentea,flower,,,,,,,"",,,,""
plant_flower_PotentillaArgentea_02,Flower - PotentillaArgentea (Silver cinquefoil),PotentillaArgentea,flower,,,,,,,"",,,,""
plant_flower_PrunellaVulgaris_01,Flower - PrunellaVulgaris (Self-heal, common selfheal, carpenter-weed),PrunellaVulgaris,flower,,,,,,,"",,,,""
plant_flower_PrunellaVulgaris_02,Flower - PrunellaVulgaris (Self-heal, common selfheal, carpenter-weed),PrunellaVulgaris,flower,,,,,,,"",,,,""
plant_flower_PrunellaVulgaris_03,Flower - PrunellaVulgaris (Self-heal, common selfheal, carpenter-weed),PrunellaVulgaris,flower,,,,,,,"",,,,""
plant_flower_PrunellaVulgaris_04,Flower - PrunellaVulgaris (Self-heal, common selfheal, carpenter-weed),PrunellaVulgaris,flower,,,,,,,"",,,,""
plant_flower_Pulmonaria_01,Flower - Pulmonaria (Lungwort),Pulmonaria,flower,,,,,,,"",,,,""
plant_flower_Pulmonaria_02,Flower - Pulmonaria (Lungwort),Pulmonaria,flower,,,,,,,"",,,,""
plant_flower_Pulmonaria_03,Flower - Pulmonaria (Lungwort),Pulmonaria,flower,,,,,,,"",,,,""
plant_flower_Pulmonaria_04,Flower - Pulmonaria (Lungwort),Pulmonaria,flower,,,,,,,"",,,,""
plant_flower_Pyrethum_01,Flower - Pyrethum (Chrysanthemum),Pyrethum,flower,,,,,,,"",,,,""
plant_flower_Pyrethum_02,Flower - Pyrethum (Chrysanthemum),Pyrethum,flower,,,,,,,"",,,,""
plant_flower_Pyrethum_03,Flower - Pyrethum (Pink Chrysanthemum),Pyrethum,flower,,,,,,,"",,,,""
plant_flower_Pyrethum_04,Flower - Pyrethum (Pink Chrysanthemum),Pyrethum,flower,,,,,,,"",,,,""
plant_flower_Pyrethum_05,Flower - Pyrethum (Pink Chrysanthemum),Pyrethum,flower,,,,,,,"",,,,""
plant_flower_Pyrethum_06,Flower - Pyrethum (Pink Chrysanthemum),Pyrethum,flower,,,,,,,"",,,,""
plant_flower_Pyrethum_07,Flower - Pyrethum (Pink Chrysanthemum),Pyrethum,flower,,,,,,,"",,,,""
plant_flower_Pyrethum_08,Flower - Pyrethum (Pink Chrysanthemum),Pyrethum,flower,,,,,,,"",,,,""
plant_flower_Pyrethum_09,Flower - Pyrethum (Pink Chrysanthemum),Pyrethum,flower,,,,,,,"",,,,""
plant_flower_PyrolaRotundifolia_01,Flower - PyrolaRotundifolia (Round-leaf Wintergreen),PyrolaRotundifolia,flower,,,,,,,"",,,,""
plant_flower_PyrolaRotundifolia_02,Flower - PyrolaRotundifolia (Round-leaf Wintergreen),PyrolaRotundifolia,flower,,,,,,,"",,,,""
plant_flower_PyrolaRotundifolia_03,Flower - PyrolaRotundifolia (Round-leaf Wintergreen),PyrolaRotundifolia,flower,,,,,,,"",,,,""
plant_flower_Ranunculus_01,Flower - Ranunculus (Yellow Buttercup),Ranunculus,flower,,,,,,,"",,,,""
plant_flower_Ranunculus_02,Flower - Ranunculus (Yellow Buttercup),Ranunculus,flower,,,,,,,"",,,,""
plant_flower_Ranunculus_03,Flower - Ranunculus (Yellow Buttercup),Ranunculus,flower,,,,,,,"",,,,""
plant_flower_RosaAlba_01,Flower - RosaAlba (White Rose of York),RosaAlba,flower,,,,,,,"",,,,""
plant_flower_RosaAlba_02,Flower - RosaAlba (White Rose of York),RosaAlba,flower,,,,,,,"",,,,""
plant_flower_RosaRugosa_01,Flower - RosaRugosa (Beach rose),RosaRugosa,flower,,,,,,,"",,,,""
plant_flower_RosaRugosa_02,Flower - RosaRugosa (Beach rose),RosaRugosa,flower,,,,,,,"",,,,""
plant_flower_RosaRugosa_03,Flower - RosaRugosa (Beach rose),RosaRugosa,flower,,,,,,,"",,,,""
plant_flower_RudbeckiaLaciniata_01,Flower - RudbeckiaLaciniata (Yellow Cutleaf coneflower),RudbeckiaLaciniata,flower,,,,,,,"",,,,""
plant_flower_RudbeckiaLaciniata_02,Flower - RudbeckiaLaciniata (Yellow Cutleaf coneflower),RudbeckiaLaciniata,flower,,,,,,,"",,,,""
plant_flower_Salvia_01,Flower - Salvia (Red Sage),Salvia,flower,,,,,,,"",,,,""
plant_flower_Salvia_02,Flower - Salvia (Red Sage),Salvia,flower,,,,,,,"",,,,""
plant_flower_Salvia_03,Flower - Salvia (Purple Sage),Salvia,flower,,,,,,,"",,,,""
plant_flower_Salvia_04,Flower - Salvia (Red and White Sage),Salvia,flower,,,,,,,"",,,,""
plant_flower_Salvia_05,Flower - Salvia (Pink Sage),Salvia,flower,,,,,,,"",,,,""
plant_flower_Salvia_06,Flower - Salvia (White Sage),Salvia,flower,,,,,,,"",,,,""
plant_flower_Salvia_07,Flower - Salvia (White and Orange Sage),Salvia,flower,,,,,,,"",,,,""
plant_flower_Scilla_01,Flower - Scilla (Blue squill),Scilla,flower,,,,,,,"",,,,""
plant_flower_Scilla_02,Flower - Scilla (Blue squill),Scilla,flower,,,,,,,"",,,,""
plant_flower_Scilla_03,Flower - Scilla (Blue squill),Scilla,flower,,,,,,,"",,,,""
plant_flower_Scilla_04,Flower - Scilla (Blue squill),Scilla,flower,,,,,,,"",,,,""
plant_flower_Sedum_01,Flower - Sedum (Stonecrop),Sedum,flower,,,,,,,"",,,,""
plant_flower_Sedum_02,Flower - Sedum (Stonecrop),Sedum,flower,,,,,,,"",,,,""
plant_flower_Serratula_01,Flower - Serratula (dyers plumeless saw-wort),Serratula,flower,,,,,,,"",,,,""
plant_flower_Serratula_02,Flower - Serratula (dyers plumeless saw-wort),Serratula,flower,,,,,,,"",,,,""
plant_flower_SinapisArvensis_01,Flower - SinapisArvensis (charlock or wild mustard),SinapisArvensis,flower,,,,,,,"",,,,""
plant_flower_SinapisArvensis_02,Flower - SinapisArvensis (charlock or wild mustard),SinapisArvensis,flower,,,,,,,"",,,,""
plant_flower_SinapisArvensis_03,Flower - SinapisArvensis (charlock or wild mustard),SinapisArvensis,flower,,,,,,,"",,,,""
plant_flower_SonchusArvensis_01,Flower - SonchusArvensis (field sowthistle),SonchusArvensis,flower,,,,,,,"",,,,""
plant_flower_SonchusArvensis_02,Flower - SonchusArvensis (field sowthistle),SonchusArvensis,flower,,,,,,,"",,,,""
plant_flower_SonchusArvensis_03,Flower - SonchusArvensis (field sowthistle),SonchusArvensis,flower,,,,,,,"",,,,""
plant_flower_SonchusArvensis_04,Flower - SonchusArvensis (field sowthistle),SonchusArvensis,flower,,,,,,,"",,,,""
plant_flower_Spiraea_01,Flower - Spiraea (meadowsweets or steeplebushes - Pink),Spiraea,flower,,,,,,,"",,,,""
plant_flower_Spiraea_02,Flower - Spiraea (meadowsweets or steeplebushes - Pink),Spiraea,flower,,,,,,,"",,,,""
plant_flower_Spiraea_03,Flower - Spiraea (meadowsweets or steeplebushes - Pink),Spiraea,flower,,,,,,,"",,,,""
plant_flower_Stromanthe_01,Flower - Stromanthe (stromanthe tricolour),Stromanthe,flower,,,,,,,"",,,,""
plant_flower_Stromanthe_02,Flower - Stromanthe (stromanthe tricolour),Stromanthe,flower,,,,,,,"",,,,""
plant_flower_Stromanthe_03,Flower - Stromanthe (stromanthe tricolour),Stromanthe,flower,,,,,,,"",,,,""
plant_flower_Stromanthe_04,Flower - Stromanthe (stromanthe tricolour),Stromanthe,flower,,,,,,,"",,,,""
plant_flower_Stromanthe_05,Flower - Stromanthe (stromanthe tricolour),Stromanthe,flower,,,,,,,"",,,,""
plant_flower_Stromanthe_06,Flower - Stromanthe (stromanthe tricolour),Stromanthe,flower,,,,,,,"",,,,""
plant_flower_Tagetes_10,Flower - Tagetes (Yellow Marigold),Tagetes,flower,,,,,,,"",,,,""
plant_flower_Tagetes_11,Flower - Tagetes (Orange Marigold),Tagetes,flower,,,,,,,"",,,,""
plant_flower_Tagetes_12,Flower - Tagetes (Orange Marigold),Tagetes,flower,,,,,,,"",,,,""
plant_flower_Tagetes_13,Flower - Tagetes (Yellow Marigold),Tagetes,flower,,,,,,,"",,,,""
plant_flower_Tagetes_14,Flower - Tagetes (Yellow Marigold),Tagetes,flower,,,,,,,"",,,,""
plant_flower_Tagetes_01,Flower - Tagetes (Orange Marigold),Tagetes,flower,,,,,,,"",,,,""
plant_flower_Tagetes_02,Flower - Tagetes (Red Marigold),Tagetes,flower,,,,,,,"",,,,""
plant_flower_Tagetes_03,Flower - Tagetes (Orange Marigold),Tagetes,flower,,,,,,,"",,,,""
plant_flower_Tagetes_04,Flower - Tagetes (Red Marigold),Tagetes,flower,,,,,,,"",,,,""
plant_flower_Tagetes_05,Flower - Tagetes (Orange Marigold),Tagetes,flower,,,,,,,"",,,,""
plant_flower_Tagetes_06,Flower - Tagetes (Red Marigold),Tagetes,flower,,,,,,,"",,,,""
plant_flower_Tagetes_07,Flower - Tagetes (Yellow Marigold),Tagetes,flower,,,,,,,"",,,,""
plant_flower_Tagetes_08,Flower - Tagetes (Yellow Marigold),Tagetes,flower,,,,,,,"",,,,""
plant_flower_Tagetes_09,Flower - Tagetes (Red Marigold),Tagetes,flower,,,,,,,"",,,,""
plant_flower_TanacetumVulgare_01,Flower - TanacetumVulgare (Yellow Tansy),TanacetumVulgare,flower,,,,,,,"",,,,""
plant_flower_TanacetumVulgare_02,Flower - TanacetumVulgare (Yellow Tansy),TanacetumVulgare,flower,,,,,,,"",,,,""
plant_flower_Taraxacum_01,Flower - Taraxacum (Dandelions),Taraxacum,flower,,,,,,,"",,,,""
plant_flower_Taraxacum_02,Flower - Taraxacum (Dandelions),Taraxacum,flower,,,,,,,"",,,,""
plant_flower_Taraxacum_03,Flower - Taraxacum (Dandelions),Taraxacum,flower,,,,,,,"",,,,""
plant_flower_Taraxacum_04,Flower - Taraxacum (Dandelions),Taraxacum,flower,,,,,,,"",,,,""
plant_flower_Taraxacum_05,Flower - Taraxacum (Dandelions),Taraxacum,flower,,,,,,,"",,,,""
plant_flower_Taraxacum_06,Flower - Taraxacum (Dandelions),Taraxacum,flower,,,,,,,"",,,,""
plant_flower_Taraxacum_07,Flower - Taraxacum (Dandelions),Taraxacum,flower,,,,,,,"",,,,""
plant_flower_ThlaspiArvense_01,Flower - ThlaspiArvense (Field pennycress),ThlaspiArvense,flower,,,,,,,"",,,,""
plant_flower_ThlaspiArvense_02,Flower - ThlaspiArvense (Field pennycress),ThlaspiArvense,flower,,,,,,,"",,,,""
plant_flower_ThlaspiArvense_03,Flower - ThlaspiArvense (Field pennycress),ThlaspiArvense,flower,,,,,,,"",,,,""
plant_flower_ThlaspiArvense_04,Flower - ThlaspiArvense (Field pennycress),ThlaspiArvense,flower,,,,,,,"",,,,""
plant_flower_ThlaspiArvense_05,Flower - ThlaspiArvense (Field pennycress),ThlaspiArvense,flower,,,,,,,"",,,,""
plant_flower_TrifoliumPratense_01,Flower - TrifoliumPratense (Red Clover [colour is actually pink]),TrifoliumPratense,flower,,,,,,,"",,,,""
plant_flower_TrifoliumPratense_02,Flower - TrifoliumPratense (Red Clover [colour is actually pink]),TrifoliumPratense,flower,,,,,,,"",,,,""
plant_flower_TrifoliumPratense_03,Flower - TrifoliumPratense (Red Clover [colour is actually pink]),TrifoliumPratense,flower,,,,,,,"",,,,""
plant_flower_TrifoliumPratense_04,Flower - TrifoliumPratense (Red Clover [colour is actually pink]),TrifoliumPratense,flower,,,,,,,"",,,,""
plant_flower_TrifoliumPratense_05,Flower - TrifoliumPratense (Red Clover [colour is actually pink]),TrifoliumPratense,flower,,,,,,,"",,,,""
plant_flower_TrifoliumPratense_06,Flower - TrifoliumPratense (Red Clover [colour is actually pink]),TrifoliumPratense,flower,,,,,,,"",,,,""
plant_flower_TrifoliumPratense_07,Flower - TrifoliumPratense (Red Clover [colour is actually pink]),TrifoliumPratense,flower,,,,,,,"",,,,""
plant_flower_TrifoliumRepens_01,Flower - TrifoliumRepens (White Clover),TrifoliumRepens,flower,,,,,,,"",,,,""
plant_flower_TrifoliumRepens_02,Flower - TrifoliumRepens (White Clover),TrifoliumRepens,flower,,,,,,,"",,,,""
plant_flower_TrifoliumRepens_03,Flower - TrifoliumRepens (White Clover),TrifoliumRepens,flower,,,,,,,"",,,,""
plant_flower_TrifoliumRepens_04,Flower - TrifoliumRepens (White Clover),TrifoliumRepens,flower,,,,,,,"",,,,""
plant_flower_Trollius_01,Flower - Trollius (Globe Flower),Trollius,flower,,,,,,,"",,,,""
plant_flower_Trollius_02,Flower - Trollius (Globe Flower [Yellow]),Trollius,flower,,,,,,,"",,,,""
plant_flower_Trollius_03,Flower - Trollius (Globe Flower [Yellow]),Trollius,flower,,,,,,,"",,,,""
plant_flower_Trollius_04,Flower - Trollius (Globe Flower [Yellow]),Trollius,flower,,,,,,,"",,,,""
plant_flower_Tropaeolum_01,Flower - Tropaeolum (Orange Nasturtium),Tropaeolum,flower,,,,,,,"",,,,""
plant_flower_Tropaeolum_02,Flower - Tropaeolum (Yellow Nasturtium),Tropaeolum,flower,,,,,,,"",,,,""
plant_flower_Tropaeolum_03,Flower - Tropaeolum (Yellow Nasturtium),Tropaeolum,flower,,,,,,,"",,,,""
plant_flower_Tropaeolum_04,Flower - Tropaeolum (Yellow Nasturtium),Tropaeolum,flower,,,,,,,"",,,,""
plant_flower_Tropaeolum_05,Flower - Tropaeolum (Orange Nasturtium),Tropaeolum,flower,,,,,,,"",,,,""
plant_flower_Tropaeolum_06,Flower - Tropaeolum (Yellow Nasturtium),Tropaeolum,flower,,,,,,,"",,,,""
plant_flower_Tropaeolum_07,Flower - Tropaeolum (Orange Nasturtium),Tropaeolum,flower,,,,,,,"",,,,""
plant_flower_Tropaeolum_08,Flower - Tropaeolum (Orange and Yellow Nasturtium),Tropaeolum,flower,,,,,,,"",,,,""
plant_flower_Tropaeolum_09,Flower - Tropaeolum (Orange and Yellow Nasturtium),Tropaeolum,flower,,,,,,,"",,,,""
plant_flower_Tulipa_01,Flower - Tulipa (White Tulip),Tulipa,flower,,,,,,,"",,,,""
plant_flower_Tulipa_02,Flower - Tulipa (Pink Tulip),Tulipa,flower,,,,,,,"",,,,""
plant_flower_Tulipa_03,Flower - Tulipa (Yellow Tulip),Tulipa,flower,,,,,,,"",,,,""
plant_flower_Tulipa_04,Flower - Tulipa (Blue Tulip),Tulipa,flower,,,,,,,"",,,,""
plant_flower_Tulipa_05,Flower - Tulipa (Dark Pink Tulip),Tulipa,flower,,,,,,,"",,,,""
plant_flower_Tulipa_06,Flower - Tulipa (Pale Blue Tulip),Tulipa,flower,,,,,,,"",,,,""
plant_flower_Tulipa_07,Flower - Tulipa (Red Tulip),Tulipa,flower,,,,,,,"",,,,""
plant_flower_Tulipa_08,Flower - Tulipa (Red and White Tulip),Tulipa,flower,,,,,,,"",,,,""
plant_flower_Tulipa_09,Flower - Tulipa (Pink and Yellow Tulip),Tulipa,flower,,,,,,,"",,,,""
plant_flower_TussilagoFarfara_01,Flower - TussilagoFarfara (Coltsfoot),TussilagoFarfara,flower,,,,,,,"",,,,""
plant_flower_TussilagoFarfara_02,Flower - TussilagoFarfara (Coltsfoot),TussilagoFarfara,flower,,,,,,,"",,,,""
plant_flower_TussilagoFarfara_03,Flower - TussilagoFarfara (Coltsfoot),TussilagoFarfara,flower,,,,,,,"",,,,""
plant_flower_TussilagoFarfara_04,Flower - TussilagoFarfara (Coltsfoot),TussilagoFarfara,flower,,,,,,,"",,,,""
plant_flower_Venidium_01,Flower - Venidium (Cape Daisy),Venidium,flower,,,,,,,"",,,,""
plant_flower_Venidium_02,Flower - Venidium (Cape Daisy - White),Venidium,flower,,,,,,,"",,,,""
plant_flower_Venidium_03,Flower - Venidium (Cape Daisy - White),Venidium,flower,,,,,,,"",,,,""
plant_flower_Venidium_04,Flower - Venidium (Cape Daisy - Yellow),Venidium,flower,,,,,,,"",,,,""
plant_flower_Venidium_05,Flower - Venidium (Cape Daisy - Yellow),Venidium,flower,,,,,,,"",,,,""
plant_flower_Venidium_06,Flower - Venidium (Cape Daisy - Yellow),Venidium,flower,,,,,,,"",,,,""
plant_flower_Venidium_07,Flower - Venidium (Cape Daisy - Yellow),Venidium,flower,,,,,,,"",,,,""
plant_flower_Venidium_08,Flower - Venidium (Cape Daisy - White),Venidium,flower,,,,,,,"",,,,""
plant_flower_Venidium_09,Flower - Venidium (Cape Daisy - White),Venidium,flower,,,,,,,"",,,,""
plant_flower_Venidium_10,Flower - Venidium (Cape Daisy - White),Venidium,flower,,,,,,,"",,,,""
plant_flower_VeronicaChamaedrys_01,Flower - VeronicaChamaedrys (Germander speedwell),VeronicaChamaedrys,flower,,,,,,,"",,,,""
plant_flower_VeronicaChamaedrys_02,Flower - VeronicaChamaedrys (Germander speedwell),VeronicaChamaedrys,flower,,,,,,,"",,,,""
plant_flower_VeronicaChamaedrys_03,Flower - VeronicaChamaedrys (Germander speedwell),VeronicaChamaedrys,flower,,,,,,,"",,,,""
plant_flower_VeronicaChamaedrys_04,Flower - VeronicaChamaedrys (Germander speedwell),VeronicaChamaedrys,flower,,,,,,,"",,,,""
plant_flower_VeronicaChamaedrys_05,Flower - VeronicaChamaedrys (Germander speedwell),VeronicaChamaedrys,flower,,,,,,,"",,,,""
plant_flower_VeronicaFiliformis_01,Flower - VeronicaFiliformis (Slender Speedwell),VeronicaFiliformis,flower,,,,,,,"",,,,""
plant_flower_VeronicaFiliformis_02,Flower - VeronicaFiliformis (Slender Speedwell - White),VeronicaFiliformis,flower,,,,,,,"",,,,""
plant_flower_VeronicaFiliformis_03,Flower - VeronicaFiliformis (Slender Speedwell - White),VeronicaFiliformis,flower,,,,,,,"",,,,""
plant_flower_VeronicaSpicata_01,Flower - VeronicaSpicata (spiked speedwell - Pink ),VeronicaSpicata,flower,,,,,,,"",,,,""
plant_flower_VeronicaSpicata_02,Flower - VeronicaSpicata (spiked speedwell - Purple ),VeronicaSpicata,flower,,,,,,,"",,,,""
plant_flower_ViciaVillosaRouth_01,Flower - ViciaVillosaRouth (hairy vetch - Purple),ViciaVillosaRouth,flower,,,,,,,"",,,,""
plant_flower_ViciaVillosaRouth_02,Flower - ViciaVillosaRouth (hairy vetch - Purple),ViciaVillosaRouth,flower,,,,,,,"",,,,""
plant_flower_ViolaOdorata_01,Flower - ViolaOdorata (Sweet violet - Purple / Blue),ViolaOdorata,flower,,,,,,,"",,,,""
plant_flower_ViolaOdorata_02,Flower - ViolaOdorata (Sweet violet - Purple / Blue),ViolaOdorata,flower,,,,,,,"",,,,""
plant_flower_ViolaOdorata_03,Flower - ViolaOdorata (Sweet violet - Purple / Blue),ViolaOdorata,flower,,,,,,,"",,,,""
plant_flower_ViolaOdorata_04,Flower - ViolaOdorata (Sweet violet - Purple / Blue),ViolaOdorata,flower,,,,,,,"",,,,""
plant_flower_ViolaTricolor_01,Flower - ViolaTricolor (Johnny Jump up - Yellow Purple),ViolaTricolor,flower,,,,,,,"",,,,""
plant_flower_ViolaTricolor_02,Flower - ViolaTricolor (Johnny Jump up - Blue White),ViolaTricolor,flower,,,,,,,"",,,,""
plant_flower_ViolaTricolor_03,Flower - ViolaTricolor (Johnny Jump up - Maroon Yellow),ViolaTricolor,flower,,,,,,,"",,,,""
plant_flower_ViolaTricolor_04,Flower - ViolaTricolor (Johnny Jump up - no flowers),ViolaTricolor,flower,,,,,,,"",,,,""
plant_flower_ViolaTricolor_05,Flower - ViolaTricolor (Johnny Jump up - Yellow Blue),ViolaTricolor,flower,,,,,,,"",,,,""
plant_flower_ViolaTricolor_06,Flower - ViolaTricolor (Johnny Jump up - Yellow Orange),ViolaTricolor,flower,,,,,,,"",,,,""
plant_flower_ViolaTricolor_07,Flower - ViolaTricolor (Johnny Jump up - White Pink),ViolaTricolor,flower,,,,,,,"",,,,""
plant_flower_ViolaTricolor_08,Flower - ViolaTricolor (Johnny Jump up - no flowers),ViolaTricolor,flower,,,,,,,"",,,,""
plant_flower_ViolaTricolor_09,Flower - ViolaTricolor (Johnny Jump up - White Purple),ViolaTricolor,flower,,,,,,,"",,,,""
plant_flower_ViolaTricolor_10,Flower - ViolaTricolor (Johnny Jump up - Yellow Black),ViolaTricolor,flower,,,,,,,"",,,,""
plant_flower_ViolaTricolor_11,Flower - ViolaTricolor (Johnny Jump up - Pink Black),ViolaTricolor,flower,,,,,,,"",,,,""
plant_flower_ViolaTricolor_12,Flower - ViolaTricolor (Johnny Jump up - no flowers),ViolaTricolor,flower,,,,,,,"",,,,""
plant_flower_ViscariaVulgaris_01,Flower - ViscariaVulgaris_01 (Clammy campion - Pink),ViscariaVulgaris,flower,,,,,,,"",,,,""
plant_flower_Wheat_01,Flower - Wheat (Yellow),Wheat,flower,,,,,,,"",,,,""
plant_flower_Wheat_02,Flower - Wheat (Yellow),Wheat,flower,,,,,,,"",,,,""
plant_flower_Wheat_03,Flower - Wheat (Yellow),Wheat,flower,,,,,,,"",,,,""
plant_flower_Wheat_04,Flower - Wheat (Yellow),Wheat,flower,,,,,,,"",,,,""
plant_flower_Wheat_05,Flower - Wheat (Yellow),Wheat,flower,,,,,,,"",,,,""
plant_flower_Wheat_06,Flower - Wheat (Yellow),Wheat,flower,,,,,,,"",,,,""
plant_flower_Wheat_07,Flower - Wheat (Green),Wheat,flower,,,,,,,"",,,,""
plant_flower_Wheat_08,Flower - Wheat (Green),Wheat,flower,,,,,,,"",,,,""
plant_flower_Wheat_09,Flower - Wheat (Green),Wheat,flower,,,,,,,"",,,,""
plant_flower_ZeaMays_01,Flower - ZeaMays (Corn - Green),ZeaMays,flower,,,,,,,"",,,,""
plant_flower_ZeaMays_02,Flower - ZeaMays (Corn - Green),ZeaMays,flower,,,,,,,"",,,,""
plant_flower_Zinnia_01,Flower - Zinnia (White),Zinnia,flower,,,,,,,"",,,,""
plant_flower_Zinnia_02,Flower - Zinnia (Pink),Zinnia,flower,,,,,,,"",,,,""
plant_flower_Zinnia_03,Flower - Zinnia (Red),Zinnia,flower,,,,,,,"",,,,""
plant_flower_Zinnia_04,Flower - Zinnia (Purple),Zinnia,flower,,,,,,,"",,,,""
plant_flower_Zinnia_05,Flower - Zinnia (Purple),Zinnia,flower,,,,,,,"",,,,""
plant_flower_Zinnia_06,Flower - Zinnia (Yellow Orange),Zinnia,flower,,,,,,,"",,,,""
plant_flower_Zinnia_07,Flower - Zinnia (Red),Zinnia,flower,,,,,,,"",,,,""
plant_flower_Zinnia_08,Flower - Zinnia (Pink),Zinnia,flower,,,,,,,"",,,,""
plant_flower_Zinnia_09,Flower - Zinnia (Pale Pink),Zinnia,flower,,,,,,,"",,,,""
plant_flower_Zinnia_10,Flower - Zinnia (Pale Pink),Zinnia,flower,,,,,,,"",,,,""
plant_flower_Zinnia_11,Flower - Zinnia (White),Zinnia,flower,,,,,,,"",,,,""
plant_flower_Zinnia_12,Flower - Zinnia (Red),Zinnia,flower,,,,,,,"",,,,""
plant_berry_Blackberry_01,Blackberry small,Blackberry,berry,,,,,,,"",,,,""
plant_berry_Blackberry_02,Blackberry small,Blackberry,berry,,,,,,,"",,,,""
plant_berry_Blackberry_03,Blackberry med,Blackberry,berry,,,,,,,"",,,,""
plant_berry_Blackberry_04,Blackberry,Blackberry,berry,,,,,,,"",,,,""
plant_berry_Blackberry_05,Blackberry,Blackberry,berry,,,,,,,"",,,,""
plant_berry_Blackberry_06,Blackberry (harvestable),Blackberry,berry,,,,,,,"",,,,""
plant_berry_Blackberry_07,Blackberry (harvestable),Blackberry,berry,,,,,,,"",,,,""
plant_berry_Blackberry_08,Blackberry (harvestable),Blackberry,berry,,,,,,,"",,,,""
plant_berry_Blueberry_01,Blueberry (small),Blueberry,berry,,,,,,,"",,,,""
plant_berry_Blueberry_02,Blueberry (small),Blueberry,berry,,,,,,,"",,,,""
plant_berry_Blueberry_03,Blueberry (med),Blueberry,berry,,,,,,,"",,,,""
plant_berry_Blueberry_04,Blueberry,Blueberry,berry,,,,,,,"",,,,""
plant_berry_Blueberry_05,Blueberry,Blueberry,berry,,,,,,,"",,,,""
plant_berry_Blueberry_06,Blueberry (harvestable),Blueberry,berry,,,,,,,"",,,,""
plant_berry_Blueberry_07,Blueberry (harvestable),Blueberry,berry,,,,,,,"",,,,""
plant_berry_Blueberry_08,Blueberry (harvestable),Blueberry,berry,,,,,,,"",,,,""
plant_berry_Raspberry_01,Raspberry (small),Raspberry,berry,,,,,,,"",,,,""
plant_berry_Raspberry_02,Raspberry (small),Raspberry,berry,,,,,,,"",,,,""
plant_berry_Raspberry_03,Raspberry (med),Raspberry,berry,,,,,,,"",,,,""
plant_berry_Raspberry_04,Raspberry,Raspberry,berry,,,,,,,"",,,,""
plant_berry_Raspberry_05,Raspberry,Raspberry,berry,,,,,,,"",,,,""
plant_berry_Raspberry_06,Raspberry (harvestable),Raspberry,berry,,,,,,,"",,,,""
plant_berry_Raspberry_07,Raspberry (harvestable),Raspberry,berry,,,,,,,"",,,,""
plant_berry_Raspberry_08,Raspberry (harvestable),Raspberry,berry,,,,,,,"",,,,""
plant_tree_pine_sapling_01,A small pine sapling ready for planting,plant_tree_pine_sapling_01,tree,,,,,
plant_jungle_bush_A1,Jungle Bush A1,plant_jungle_bush_A1,misc,,,,,
plant_jungle_bush_A2,Jungle Bush A2,plant_jungle_bush_A2,misc,,,,,
plant_jungle_bush_A3,Jungle Bush A3,plant_jungle_bush_A3,misc,,,,,
plant_jungle_bush_A4,Jungle Bush A4,plant_jungle_bush_A4,misc,,,,,
plant_jungle_fern_01,Jungle Fern 01,plant_jungle_fern_01,misc,,,,,
