"RowName","Day","HHMM","event_id","chance","min_length","max_length","time_unit",
"000001","1","0000","spring","100","28","28","days",
"000002","1","1400","storm","2","1","1","days",
"000003","1","2200","meteor","1","1","1","days",
"000004","1","0600","sunrise","100","60","60","minutes",
"000005","1","0700","env_fog","20","10","70","minutes",
"000006","1","0700","env_light_god_rays","10","10","70","minutes",
"000007","1","1900","sunset","100","60","60","minutes",
"000008","1","1300","env_rain","2","40","60","minutes",
"000009","1","2300","env_fog","2","40","90","minutes",
"000010","1","2200","storm","1","360","500","minutes",
"000011","2","1300","storm","2","1","1","days",
"000012","2","1700","meteor","1","1","1","days",
"000013","2","0600","sunrise","100","60","60","minutes",
"000014","2","0700","env_fog","20","10","70","minutes",
"000015","2","0700","env_light_god_rays","10","10","70","minutes",
"000016","2","1900","sunset","100","60","60","minutes",
"000017","2","1800","env_rain","2","40","60","minutes",
"000018","2","2200","env_fog","2","40","90","minutes",
"000019","2","1400","storm","1","360","500","minutes",
"000020","3","0900","storm","2","1","1","days",
"000021","3","1900","meteor","1","1","1","days",
"000022","3","0600","sunrise","100","60","60","minutes",
"000023","3","0700","env_fog","20","10","70","minutes",
"000024","3","0700","env_light_god_rays","10","10","70","minutes",
"000025","3","1900","sunset","100","60","60","minutes",
"000026","3","0600","env_rain","2","40","60","minutes",
"000027","3","0600","env_fog","2","40","90","minutes",
"000028","3","0700","storm","1","360","500","minutes",
"000029","4","1400","storm","2","1","1","days",
"000030","4","0800","meteor","1","1","1","days",
"000031","4","0600","sunrise","100","60","60","minutes",
"000032","4","0700","env_fog","20","10","70","minutes",
"000033","4","0700","env_light_god_rays","10","10","70","minutes",
"000034","4","1900","sunset","100","60","60","minutes",
"000035","4","1900","env_rain","2","40","60","minutes",
"000036","4","0800","env_fog","2","40","90","minutes",
"000037","4","1800","storm","1","360","500","minutes",
"000038","5","2300","storm","2","1","1","days",
"000039","5","1200","meteor","1","1","1","days",
"000040","5","0600","sunrise","100","60","60","minutes",
"000041","5","0700","env_fog","20","10","70","minutes",
"000042","5","0700","env_light_god_rays","10","10","70","minutes",
"000043","5","1900","sunset","100","60","60","minutes",
"000044","5","1200","env_rain","2","40","60","minutes",
"000045","5","0700","env_fog","2","40","90","minutes",
"000046","5","1700","storm","1","360","500","minutes",
"000047","6","1800","storm","2","1","1","days",
"000048","6","2100","meteor","1","1","1","days",
"000049","6","0600","sunrise","100","60","60","minutes",
"000050","6","0700","env_fog","20","10","70","minutes",
"000051","6","0700","env_light_god_rays","10","10","70","minutes",
"000052","6","1900","sunset","100","60","60","minutes",
"000053","6","1900","env_rain","2","40","60","minutes",
"000054","6","1400","env_fog","2","40","90","minutes",
"000055","6","2100","storm","1","360","500","minutes",
"000056","7","2100","storm","2","1","1","days",
"000057","7","2200","meteor","1","1","1","days",
"000058","7","0600","sunrise","100","60","60","minutes",
"000059","7","0700","env_fog","20","10","70","minutes",
"000060","7","0700","env_light_god_rays","10","10","70","minutes",
"000061","7","1900","sunset","100","60","60","minutes",
"000062","7","1400","env_rain","2","40","60","minutes",
"000063","7","2000","env_fog","2","40","90","minutes",
"000064","7","1800","storm","1","360","500","minutes",
"000065","8","1500","storm","2","1","1","days",
"000066","8","1100","meteor","1","1","1","days",
"000067","8","0600","sunrise","100","60","60","minutes",
"000068","8","0700","env_fog","20","10","70","minutes",
"000069","8","0700","env_light_god_rays","10","10","70","minutes",
"000070","8","1900","sunset","100","60","60","minutes",
"000071","8","1800","env_rain","2","40","60","minutes",
"000072","8","1400","env_fog","2","40","90","minutes",
"000073","8","1100","storm","1","360","500","minutes",
"000074","9","1100","storm","2","1","1","days",
"000075","9","1800","meteor","1","1","1","days",
"000076","9","0600","sunrise","100","60","60","minutes",
"000077","9","0700","env_fog","20","10","70","minutes",
"000078","9","0700","env_light_god_rays","10","10","70","minutes",
"000079","9","1900","sunset","100","60","60","minutes",
"000080","9","2100","env_rain","2","40","60","minutes",
"000081","9","1300","env_fog","2","40","90","minutes",
"000082","9","1400","storm","1","360","500","minutes",
"000083","10","1300","storm","2","1","1","days",
"000084","10","2300","meteor","1","1","1","days",
"000085","10","0600","sunrise","100","60","60","minutes",
"000086","10","0700","env_fog","20","10","70","minutes",
"000087","10","0700","env_light_god_rays","10","10","70","minutes",
"000088","10","1900","sunset","100","60","60","minutes",
"000089","10","2100","env_rain","2","40","60","minutes",
"000090","10","2300","env_fog","2","40","90","minutes",
"000091","10","0700","storm","1","360","500","minutes",
"000092","11","1400","storm","2","1","1","days",
"000093","11","2100","meteor","1","1","1","days",
"000094","11","0600","sunrise","100","60","60","minutes",
"000095","11","0700","env_fog","20","10","70","minutes",
"000096","11","0700","env_light_god_rays","10","10","70","minutes",
"000097","11","1900","sunset","100","60","60","minutes",
"000098","11","0700","env_rain","2","40","60","minutes",
"000099","11","2300","env_fog","2","40","90","minutes",
"000100","11","1700","storm","1","360","500","minutes",
"000101","12","2000","storm","2","1","1","days",
"000102","12","2000","meteor","1","1","1","days",
"000103","12","0600","sunrise","100","60","60","minutes",
"000104","12","0700","env_fog","20","10","70","minutes",
"000105","12","0700","env_light_god_rays","10","10","70","minutes",
"000106","12","1900","sunset","100","60","60","minutes",
"000107","12","1100","env_rain","2","40","60","minutes",
"000108","12","1400","env_fog","2","40","90","minutes",
"000109","12","2100","storm","1","360","500","minutes",
"000110","13","2000","storm","2","1","1","days",
"000111","13","1700","meteor","1","1","1","days",
"000112","13","0600","sunrise","100","60","60","minutes",
"000113","13","0700","env_fog","20","10","70","minutes",
"000114","13","0700","env_light_god_rays","10","10","70","minutes",
"000115","13","1900","sunset","100","60","60","minutes",
"000116","13","1500","env_rain","2","40","60","minutes",
"000117","13","0900","env_fog","2","40","90","minutes",
"000118","13","1000","storm","1","360","500","minutes",
"000119","14","1700","storm","2","1","1","days",
"000120","14","1100","meteor","1","1","1","days",
"000121","14","0600","sunrise","100","60","60","minutes",
"000122","14","0700","env_fog","20","10","70","minutes",
"000123","14","0700","env_light_god_rays","10","10","70","minutes",
"000124","14","1900","sunset","100","60","60","minutes",
"000125","14","1700","env_rain","2","40","60","minutes",
"000126","14","1000","env_fog","2","40","90","minutes",
"000127","14","1900","storm","1","360","500","minutes",
"000128","15","1400","storm","2","1","1","days",
"000129","15","1000","meteor","1","1","1","days",
"000130","15","0600","sunrise","100","60","60","minutes",
"000131","15","0700","env_fog","20","10","70","minutes",
"000132","15","0700","env_light_god_rays","10","10","70","minutes",
"000133","15","1900","sunset","100","60","60","minutes",
"000134","15","1300","env_rain","2","40","60","minutes",
"000135","15","1200","env_fog","2","40","90","minutes",
"000136","15","0600","storm","1","360","500","minutes",
"000137","16","1000","storm","2","1","1","days",
"000138","16","2300","meteor","1","1","1","days",
"000139","16","0600","sunrise","100","60","60","minutes",
"000140","16","0700","env_fog","20","10","70","minutes",
"000141","16","0700","env_light_god_rays","10","10","70","minutes",
"000142","16","1900","sunset","100","60","60","minutes",
"000143","16","1500","env_rain","2","40","60","minutes",
"000144","16","1900","env_fog","2","40","90","minutes",
"000145","16","1400","storm","1","360","500","minutes",
"000146","17","0000","birthday_jane","100","1","1","days",
"000147","17","1500","storm","2","1","1","days",
"000148","17","1500","meteor","1","1","1","days",
"000149","17","0600","sunrise","100","60","60","minutes",
"000150","17","0700","env_fog","20","10","70","minutes",
"000151","17","0700","env_light_god_rays","10","10","70","minutes",
"000152","17","1900","sunset","100","60","60","minutes",
"000153","17","0700","env_rain","2","40","60","minutes",
"000154","17","1800","env_fog","2","40","90","minutes",
"000155","17","1600","storm","1","360","500","minutes",
"000156","18","1900","storm","2","1","1","days",
"000157","18","0800","meteor","1","1","1","days",
"000158","18","0600","sunrise","100","60","60","minutes",
"000159","18","0700","env_fog","20","10","70","minutes",
"000160","18","0700","env_light_god_rays","10","10","70","minutes",
"000161","18","1900","sunset","100","60","60","minutes",
"000162","18","1200","env_rain","2","40","60","minutes",
"000163","18","2000","env_fog","2","40","90","minutes",
"000164","18","0900","storm","1","360","500","minutes",
"000165","19","1900","storm","2","1","1","days",
"000166","19","0700","meteor","1","1","1","days",
"000167","19","0600","sunrise","100","60","60","minutes",
"000168","19","0700","env_fog","20","10","70","minutes",
"000169","19","0700","env_light_god_rays","10","10","70","minutes",
"000170","19","1900","sunset","100","60","60","minutes",
"000171","19","1800","env_rain","2","40","60","minutes",
"000172","19","2100","env_fog","2","40","90","minutes",
"000173","19","0800","storm","1","360","500","minutes",
"000174","20","0600","storm","2","1","1","days",
"000175","20","2300","meteor","1","1","1","days",
"000176","20","0600","sunrise","100","60","60","minutes",
"000177","20","0700","env_fog","20","10","70","minutes",
"000178","20","0700","env_light_god_rays","10","10","70","minutes",
"000179","20","1900","sunset","100","60","60","minutes",
"000180","20","1100","env_rain","2","40","60","minutes",
"000181","20","1000","env_fog","2","40","90","minutes",
"000182","20","2000","storm","1","360","500","minutes",
"000183","21","0800","storm","2","1","1","days",
"000184","21","1000","meteor","1","1","1","days",
"000185","21","0600","sunrise","100","60","60","minutes",
"000186","21","0700","env_fog","20","10","70","minutes",
"000187","21","0700","env_light_god_rays","10","10","70","minutes",
"000188","21","1900","sunset","100","60","60","minutes",
"000189","21","2000","env_rain","2","40","60","minutes",
"000190","21","1200","env_fog","2","40","90","minutes",
"000191","21","0700","storm","1","360","500","minutes",
"000192","22","1200","storm","2","1","1","days",
"000193","22","2000","meteor","1","1","1","days",
"000194","22","0600","sunrise","100","60","60","minutes",
"000195","22","0700","env_fog","20","10","70","minutes",
"000196","22","0700","env_light_god_rays","10","10","70","minutes",
"000197","22","1900","sunset","100","60","60","minutes",
"000198","22","2200","env_rain","2","40","60","minutes",
"000199","22","2100","env_fog","2","40","90","minutes",
"000200","22","1800","storm","1","360","500","minutes",
"000201","23","1800","storm","2","1","1","days",
"000202","23","2100","meteor","1","1","1","days",
"000203","23","0600","sunrise","100","60","60","minutes",
"000204","23","0700","env_fog","20","10","70","minutes",
"000205","23","0700","env_light_god_rays","10","10","70","minutes",
"000206","23","1900","sunset","100","60","60","minutes",
"000207","23","1900","env_rain","2","40","60","minutes",
"000208","23","0700","env_fog","2","40","90","minutes",
"000209","23","2300","storm","1","360","500","minutes",
"000210","24","0000","birthday_john","100","1","1","days",
"000211","24","1600","storm","2","1","1","days",
"000212","24","1100","meteor","1","1","1","days",
"000213","24","0600","sunrise","100","60","60","minutes",
"000214","24","0700","env_fog","20","10","70","minutes",
"000215","24","0700","env_light_god_rays","10","10","70","minutes",
"000216","24","1900","sunset","100","60","60","minutes",
"000217","24","1500","env_rain","2","40","60","minutes",
"000218","24","0700","env_fog","2","40","90","minutes",
"000219","24","1100","storm","1","360","500","minutes",
"000220","25","0600","storm","2","1","1","days",
"000221","25","0900","meteor","1","1","1","days",
"000222","25","0600","sunrise","100","60","60","minutes",
"000223","25","0700","env_fog","20","10","70","minutes",
"000224","25","0700","env_light_god_rays","10","10","70","minutes",
"000225","25","1900","sunset","100","60","60","minutes",
"000226","25","1600","env_rain","2","40","60","minutes",
"000227","25","1100","env_fog","2","40","90","minutes",
"000228","25","0900","storm","1","360","500","minutes",
"000229","26","1000","storm","2","1","1","days",
"000230","26","0700","meteor","1","1","1","days",
"000231","26","0600","sunrise","100","60","60","minutes",
"000232","26","0700","env_fog","20","10","70","minutes",
"000233","26","0700","env_light_god_rays","10","10","70","minutes",
"000234","26","1900","sunset","100","60","60","minutes",
"000235","26","1200","env_rain","2","40","60","minutes",
"000236","26","1400","env_fog","2","40","90","minutes",
"000237","26","0900","storm","1","360","500","minutes",
"000238","27","0600","storm","2","1","1","days",
"000239","27","1700","meteor","1","1","1","days",
"000240","27","0600","sunrise","100","60","60","minutes",
"000241","27","0700","env_fog","20","10","70","minutes",
"000242","27","0700","env_light_god_rays","10","10","70","minutes",
"000243","27","1900","sunset","100","60","60","minutes",
"000244","27","1100","env_rain","2","40","60","minutes",
"000245","27","2000","env_fog","2","40","90","minutes",
"000246","27","1500","storm","1","360","500","minutes",
"000247","28","1600","storm","2","1","1","days",
"000248","28","2200","meteor","1","1","1","days",
"000249","28","0600","sunrise","100","60","60","minutes",
"000250","28","0700","env_fog","20","10","70","minutes",
"000251","28","0700","env_light_god_rays","10","10","70","minutes",
"000252","28","1900","sunset","100","60","60","minutes",
"000253","28","2300","env_rain","2","40","60","minutes",
"000254","28","1400","env_fog","2","40","90","minutes",
"000255","28","2200","storm","1","360","500","minutes",
"000256","29","0000","summer","100","28","28","days",
"000257","29","1100","storm","2","1","1","days",
"000258","29","1000","meteor","1","1","1","days",
"000259","29","0600","sunrise","100","60","60","minutes",
"000260","29","0700","env_fog","20","10","70","minutes",
"000261","29","0700","env_light_god_rays","10","10","70","minutes",
"000262","29","1900","sunset","100","60","60","minutes",
"000263","29","2000","env_rain","2","40","60","minutes",
"000264","29","1200","env_fog","2","40","90","minutes",
"000265","29","1800","storm","1","360","500","minutes",
"000266","30","1200","storm","2","1","1","days",
"000267","30","0600","meteor","1","1","1","days",
"000268","30","0600","sunrise","100","60","60","minutes",
"000269","30","0700","env_fog","20","10","70","minutes",
"000270","30","0700","env_light_god_rays","10","10","70","minutes",
"000271","30","1900","sunset","100","60","60","minutes",
"000272","30","0600","env_rain","2","40","60","minutes",
"000273","30","1700","env_fog","2","40","90","minutes",
"000274","30","1700","storm","1","360","500","minutes",
"000275","31","1400","storm","2","1","1","days",
"000276","31","1400","meteor","1","1","1","days",
"000277","31","0600","sunrise","100","60","60","minutes",
"000278","31","0700","env_fog","20","10","70","minutes",
"000279","31","0700","env_light_god_rays","10","10","70","minutes",
"000280","31","1900","sunset","100","60","60","minutes",
"000281","31","0800","env_rain","2","40","60","minutes",
"000282","31","1200","env_fog","2","40","90","minutes",
"000283","31","2300","storm","1","360","500","minutes",
"000284","32","0000","summer_storm","70","1","1","days",
"000285","32","1000","storm","2","1","1","days",
"000286","32","0900","meteor","1","1","1","days",
"000287","32","0600","sunrise","100","60","60","minutes",
"000288","32","0700","env_fog","20","10","70","minutes",
"000289","32","0700","env_light_god_rays","10","10","70","minutes",
"000290","32","1900","sunset","100","60","60","minutes",
"000291","32","1000","env_rain","2","40","60","minutes",
"000292","32","1600","env_fog","2","40","90","minutes",
"000293","32","2000","storm","1","360","500","minutes",
"000294","33","1500","storm","2","1","1","days",
"000295","33","1800","meteor","1","1","1","days",
"000296","33","0600","sunrise","100","60","60","minutes",
"000297","33","0700","env_fog","20","10","70","minutes",
"000298","33","0700","env_light_god_rays","10","10","70","minutes",
"000299","33","1900","sunset","100","60","60","minutes",
"000300","33","1600","env_rain","2","40","60","minutes",
"000301","33","1800","env_fog","2","40","90","minutes",
"000302","33","0800","storm","1","360","500","minutes",
"000303","34","1800","storm","2","1","1","days",
"000304","34","1400","meteor","1","1","1","days",
"000305","34","0600","sunrise","100","60","60","minutes",
"000306","34","0700","env_fog","20","10","70","minutes",
"000307","34","0700","env_light_god_rays","10","10","70","minutes",
"000308","34","1900","sunset","100","60","60","minutes",
"000309","34","1900","env_rain","2","40","60","minutes",
"000310","34","0800","env_fog","2","40","90","minutes",
"000311","34","2200","storm","1","360","500","minutes",
"000312","35","2200","storm","2","1","1","days",
"000313","35","1700","meteor","1","1","1","days",
"000314","35","0600","sunrise","100","60","60","minutes",
"000315","35","0700","env_fog","20","10","70","minutes",
"000316","35","0700","env_light_god_rays","10","10","70","minutes",
"000317","35","1900","sunset","100","60","60","minutes",
"000318","35","1600","env_rain","2","40","60","minutes",
"000319","35","1900","env_fog","2","40","90","minutes",
"000320","35","2300","storm","1","360","500","minutes",
"000321","36","2300","storm","2","1","1","days",
"000322","36","0700","meteor","1","1","1","days",
"000323","36","0600","sunrise","100","60","60","minutes",
"000324","36","0700","env_fog","20","10","70","minutes",
"000325","36","0700","env_light_god_rays","10","10","70","minutes",
"000326","36","1900","sunset","100","60","60","minutes",
"000327","36","1300","env_rain","2","40","60","minutes",
"000328","36","1000","env_fog","2","40","90","minutes",
"000329","36","2100","storm","1","360","500","minutes",
"000330","37","0000","summer_storm","50","1","1","days",
"000331","37","2100","storm","2","1","1","days",
"000332","37","0700","meteor","1","1","1","days",
"000333","37","0600","sunrise","100","60","60","minutes",
"000334","37","0700","env_fog","20","10","70","minutes",
"000335","37","0700","env_light_god_rays","10","10","70","minutes",
"000336","37","1900","sunset","100","60","60","minutes",
"000337","37","0700","env_rain","2","40","60","minutes",
"000338","37","0900","env_fog","2","40","90","minutes",
"000339","37","0800","storm","1","360","500","minutes",
"000340","38","0000","summer_storm","50","1","1","days",
"000341","38","1000","storm","2","1","1","days",
"000342","38","2100","meteor","1","1","1","days",
"000343","38","0600","sunrise","100","60","60","minutes",
"000344","38","0700","env_fog","20","10","70","minutes",
"000345","38","0700","env_light_god_rays","10","10","70","minutes",
"000346","38","1900","sunset","100","60","60","minutes",
"000347","38","0800","env_rain","2","40","60","minutes",
"000348","38","1100","env_fog","2","40","90","minutes",
"000349","38","1400","storm","1","360","500","minutes",
"000350","39","0700","storm","2","1","1","days",
"000351","39","0700","meteor","1","1","1","days",
"000352","39","0600","sunrise","100","60","60","minutes",
"000353","39","0700","env_fog","20","10","70","minutes",
"000354","39","0700","env_light_god_rays","10","10","70","minutes",
"000355","39","1900","sunset","100","60","60","minutes",
"000356","39","1300","env_rain","2","40","60","minutes",
"000357","39","0800","env_fog","2","40","90","minutes",
"000358","39","0700","storm","1","360","500","minutes",
"000359","40","2300","storm","2","1","1","days",
"000360","40","1900","meteor","1","1","1","days",
"000361","40","0600","sunrise","100","60","60","minutes",
"000362","40","0700","env_fog","20","10","70","minutes",
"000363","40","0700","env_light_god_rays","10","10","70","minutes",
"000364","40","1900","sunset","100","60","60","minutes",
"000365","40","1000","env_rain","2","40","60","minutes",
"000366","40","1300","env_fog","2","40","90","minutes",
"000367","40","1600","storm","1","360","500","minutes",
"000368","41","1400","storm","2","1","1","days",
"000369","41","0800","meteor","1","1","1","days",
"000370","41","0600","sunrise","100","60","60","minutes",
"000371","41","0700","env_fog","20","10","70","minutes",
"000372","41","0700","env_light_god_rays","10","10","70","minutes",
"000373","41","1900","sunset","100","60","60","minutes",
"000374","41","1300","env_rain","2","40","60","minutes",
"000375","41","0800","env_fog","2","40","90","minutes",
"000376","41","0600","storm","1","360","500","minutes",
"000377","42","1500","storm","2","1","1","days",
"000378","42","1300","meteor","1","1","1","days",
"000379","42","0600","sunrise","100","60","60","minutes",
"000380","42","0700","env_fog","20","10","70","minutes",
"000381","42","0700","env_light_god_rays","10","10","70","minutes",
"000382","42","1900","sunset","100","60","60","minutes",
"000383","42","1500","env_rain","2","40","60","minutes",
"000384","42","1500","env_fog","2","40","90","minutes",
"000385","42","1100","storm","1","360","500","minutes",
"000386","43","1700","storm","2","1","1","days",
"000387","43","1600","meteor","1","1","1","days",
"000388","43","0600","sunrise","100","60","60","minutes",
"000389","43","0700","env_fog","20","10","70","minutes",
"000390","43","0700","env_light_god_rays","10","10","70","minutes",
"000391","43","1900","sunset","100","60","60","minutes",
"000392","43","2100","env_rain","2","40","60","minutes",
"000393","43","2000","env_fog","2","40","90","minutes",
"000394","43","2100","storm","1","360","500","minutes",
"000395","44","1200","storm","2","1","1","days",
"000396","44","1100","meteor","1","1","1","days",
"000397","44","0600","sunrise","100","60","60","minutes",
"000398","44","0700","env_fog","20","10","70","minutes",
"000399","44","0700","env_light_god_rays","10","10","70","minutes",
"000400","44","1900","sunset","100","60","60","minutes",
"000401","44","2300","env_rain","2","40","60","minutes",
"000402","44","2300","env_fog","2","40","90","minutes",
"000403","44","2300","storm","1","360","500","minutes",
"000404","45","1000","storm","2","1","1","days",
"000405","45","0900","meteor","1","1","1","days",
"000406","45","0600","sunrise","100","60","60","minutes",
"000407","45","0700","env_fog","20","10","70","minutes",
"000408","45","0700","env_light_god_rays","10","10","70","minutes",
"000409","45","1900","sunset","100","60","60","minutes",
"000410","45","0600","env_rain","2","40","60","minutes",
"000411","45","2100","env_fog","2","40","90","minutes",
"000412","45","2200","storm","1","360","500","minutes",
"000413","46","0700","storm","2","1","1","days",
"000414","46","1300","meteor","1","1","1","days",
"000415","46","0600","sunrise","100","60","60","minutes",
"000416","46","0700","env_fog","20","10","70","minutes",
"000417","46","0700","env_light_god_rays","10","10","70","minutes",
"000418","46","1900","sunset","100","60","60","minutes",
"000419","46","2000","env_rain","2","40","60","minutes",
"000420","46","1100","env_fog","2","40","90","minutes",
"000421","46","1500","storm","1","360","500","minutes",
"000422","47","0000","birthday_tim","100","1","1","days",
"000423","47","1700","storm","2","1","1","days",
"000424","47","2200","meteor","1","1","1","days",
"000425","47","0600","sunrise","100","60","60","minutes",
"000426","47","0700","env_fog","20","10","70","minutes",
"000427","47","0700","env_light_god_rays","10","10","70","minutes",
"000428","47","1900","sunset","100","60","60","minutes",
"000429","47","1700","env_rain","2","40","60","minutes",
"000430","47","1500","env_fog","2","40","90","minutes",
"000431","47","1000","storm","1","360","500","minutes",
"000432","48","0000","summer_storm","50","1","1","days",
"000433","48","2000","storm","2","1","1","days",
"000434","48","1000","meteor","1","1","1","days",
"000435","48","0600","sunrise","100","60","60","minutes",
"000436","48","0700","env_fog","20","10","70","minutes",
"000437","48","0700","env_light_god_rays","10","10","70","minutes",
"000438","48","1900","sunset","100","60","60","minutes",
"000439","48","1600","env_rain","2","40","60","minutes",
"000440","48","0800","env_fog","2","40","90","minutes",
"000441","48","1400","storm","1","360","500","minutes",
"000442","49","0000","summer_storm","50","1","1","days",
"000443","49","1100","storm","2","1","1","days",
"000444","49","0800","meteor","1","1","1","days",
"000445","49","0600","sunrise","100","60","60","minutes",
"000446","49","0700","env_fog","20","10","70","minutes",
"000447","49","0700","env_light_god_rays","10","10","70","minutes",
"000448","49","1900","sunset","100","60","60","minutes",
"000449","49","1800","env_rain","2","40","60","minutes",
"000450","49","1300","env_fog","2","40","90","minutes",
"000451","49","1600","storm","1","360","500","minutes",
"000452","50","1400","storm","2","1","1","days",
"000453","50","1900","meteor","1","1","1","days",
"000454","50","0600","sunrise","100","60","60","minutes",
"000455","50","0700","env_fog","20","10","70","minutes",
"000456","50","0700","env_light_god_rays","10","10","70","minutes",
"000457","50","1900","sunset","100","60","60","minutes",
"000458","50","1000","env_rain","2","40","60","minutes",
"000459","50","1100","env_fog","2","40","90","minutes",
"000460","50","1900","storm","1","360","500","minutes",
"000461","51","1800","storm","2","1","1","days",
"000462","51","1900","meteor","1","1","1","days",
"000463","51","0600","sunrise","100","60","60","minutes",
"000464","51","0700","env_fog","20","10","70","minutes",
"000465","51","0700","env_light_god_rays","10","10","70","minutes",
"000466","51","1900","sunset","100","60","60","minutes",
"000467","51","2100","env_rain","2","40","60","minutes",
"000468","51","1800","env_fog","2","40","90","minutes",
"000469","51","1500","storm","1","360","500","minutes",
"000470","52","1500","storm","2","1","1","days",
"000471","52","1300","meteor","1","1","1","days",
"000472","52","0600","sunrise","100","60","60","minutes",
"000473","52","0700","env_fog","20","10","70","minutes",
"000474","52","0700","env_light_god_rays","10","10","70","minutes",
"000475","52","1900","sunset","100","60","60","minutes",
"000476","52","0700","env_rain","2","40","60","minutes",
"000477","52","1700","env_fog","2","40","90","minutes",
"000478","52","1700","storm","1","360","500","minutes",
"000479","53","1400","storm","2","1","1","days",
"000480","53","1800","meteor","1","1","1","days",
"000481","53","0600","sunrise","100","60","60","minutes",
"000482","53","0700","env_fog","20","10","70","minutes",
"000483","53","0700","env_light_god_rays","10","10","70","minutes",
"000484","53","1900","sunset","100","60","60","minutes",
"000485","53","2000","env_rain","2","40","60","minutes",
"000486","53","0900","env_fog","2","40","90","minutes",
"000487","53","1400","storm","1","360","500","minutes",
"000488","54","0900","storm","2","1","1","days",
"000489","54","0900","meteor","1","1","1","days",
"000490","54","0600","sunrise","100","60","60","minutes",
"000491","54","0700","env_fog","20","10","70","minutes",
"000492","54","0700","env_light_god_rays","10","10","70","minutes",
"000493","54","1900","sunset","100","60","60","minutes",
"000494","54","0900","env_rain","2","40","60","minutes",
"000495","54","0900","env_fog","2","40","90","minutes",
"000496","54","0600","storm","1","360","500","minutes",
"000497","55","1800","storm","2","1","1","days",
"000498","55","1900","meteor","1","1","1","days",
"000499","55","0600","sunrise","100","60","60","minutes",
"000500","55","0700","env_fog","20","10","70","minutes",
"000501","55","0700","env_light_god_rays","10","10","70","minutes",
"000502","55","1900","sunset","100","60","60","minutes",
"000503","55","1200","env_rain","2","40","60","minutes",
"000504","55","1400","env_fog","2","40","90","minutes",
"000505","55","1900","storm","1","360","500","minutes",
"000506","56","1500","storm","2","1","1","days",
"000507","56","0800","meteor","1","1","1","days",
"000508","56","0600","sunrise","100","60","60","minutes",
"000509","56","0700","env_fog","20","10","70","minutes",
"000510","56","0700","env_light_god_rays","10","10","70","minutes",
"000511","56","1900","sunset","100","60","60","minutes",
"000512","56","2300","env_rain","2","40","60","minutes",
"000513","56","1200","env_fog","2","40","90","minutes",
"000514","56","1000","storm","1","360","500","minutes",
"000515","57","0000","autumn","100","28","28","days",
"000516","57","1400","storm","2","1","1","days",
"000517","57","1000","meteor","1","1","1","days",
"000518","57","0600","sunrise","100","60","60","minutes",
"000519","57","0700","env_fog","20","10","70","minutes",
"000520","57","0700","env_light_god_rays","10","10","70","minutes",
"000521","57","1900","sunset","100","60","60","minutes",
"000522","57","1300","env_rain","2","40","60","minutes",
"000523","57","0600","env_fog","2","40","90","minutes",
"000524","57","1600","storm","1","360","500","minutes",
"000525","58","0000","autumn_storm","50","1","1","days",
"000526","58","1300","storm","2","1","1","days",
"000527","58","1400","meteor","1","1","1","days",
"000528","58","0600","sunrise","100","60","60","minutes",
"000529","58","0700","env_fog","20","10","70","minutes",
"000530","58","0700","env_light_god_rays","10","10","70","minutes",
"000531","58","1900","sunset","100","60","60","minutes",
"000532","58","1300","env_rain","2","40","60","minutes",
"000533","58","2300","env_fog","2","40","90","minutes",
"000534","58","1300","storm","1","360","500","minutes",
"000535","59","0000","autumn_storm","50","1","1","days",
"000536","59","1000","storm","2","1","1","days",
"000537","59","1300","meteor","1","1","1","days",
"000538","59","0600","sunrise","100","60","60","minutes",
"000539","59","0700","env_fog","20","10","70","minutes",
"000540","59","0700","env_light_god_rays","10","10","70","minutes",
"000541","59","1900","sunset","100","60","60","minutes",
"000542","59","2200","env_rain","2","40","60","minutes",
"000543","59","2000","env_fog","2","40","90","minutes",
"000544","59","1300","storm","1","360","500","minutes",
"000545","60","0800","storm","2","1","1","days",
"000546","60","2000","meteor","1","1","1","days",
"000547","60","0600","sunrise","100","60","60","minutes",
"000548","60","0700","env_fog","20","10","70","minutes",
"000549","60","0700","env_light_god_rays","10","10","70","minutes",
"000550","60","1900","sunset","100","60","60","minutes",
"000551","60","2100","env_rain","2","40","60","minutes",
"000552","60","0800","env_fog","2","40","90","minutes",
"000553","60","1600","storm","1","360","500","minutes",
"000554","61","2000","storm","2","1","1","days",
"000555","61","2000","meteor","1","1","1","days",
"000556","61","0600","sunrise","100","60","60","minutes",
"000557","61","0700","env_fog","20","10","70","minutes",
"000558","61","0700","env_light_god_rays","10","10","70","minutes",
"000559","61","1900","sunset","100","60","60","minutes",
"000560","61","1000","env_rain","2","40","60","minutes",
"000561","61","1000","env_fog","2","40","90","minutes",
"000562","61","1400","storm","1","360","500","minutes",
"000563","62","0000","autumn_storm","50","1","1","days",
"000564","62","1000","storm","2","1","1","days",
"000565","62","1000","meteor","1","1","1","days",
"000566","62","0600","sunrise","100","60","60","minutes",
"000567","62","0700","env_fog","20","10","70","minutes",
"000568","62","0700","env_light_god_rays","10","10","70","minutes",
"000569","62","1900","sunset","100","60","60","minutes",
"000570","62","1900","env_rain","2","40","60","minutes",
"000571","62","1000","env_fog","2","40","90","minutes",
"000572","62","0600","storm","1","360","500","minutes",
"000573","63","1300","storm","2","1","1","days",
"000574","63","2300","meteor","1","1","1","days",
"000575","63","0600","sunrise","100","60","60","minutes",
"000576","63","0700","env_fog","20","10","70","minutes",
"000577","63","0700","env_light_god_rays","10","10","70","minutes",
"000578","63","1900","sunset","100","60","60","minutes",
"000579","63","0800","env_rain","2","40","60","minutes",
"000580","63","1800","env_fog","2","40","90","minutes",
"000581","63","1700","storm","1","360","500","minutes",
"000582","64","1600","storm","2","1","1","days",
"000583","64","1000","meteor","1","1","1","days",
"000584","64","0600","sunrise","100","60","60","minutes",
"000585","64","0700","env_fog","20","10","70","minutes",
"000586","64","0700","env_light_god_rays","10","10","70","minutes",
"000587","64","1900","sunset","100","60","60","minutes",
"000588","64","1500","env_rain","2","40","60","minutes",
"000589","64","1400","env_fog","2","40","90","minutes",
"000590","64","1100","storm","1","360","500","minutes",
"000591","65","1700","storm","2","1","1","days",
"000592","65","0600","meteor","1","1","1","days",
"000593","65","0600","sunrise","100","60","60","minutes",
"000594","65","0700","env_fog","20","10","70","minutes",
"000595","65","0700","env_light_god_rays","10","10","70","minutes",
"000596","65","1900","sunset","100","60","60","minutes",
"000597","65","2300","env_rain","2","40","60","minutes",
"000598","65","0600","env_fog","2","40","90","minutes",
"000599","65","2300","storm","1","360","500","minutes",
"000600","66","1600","storm","2","1","1","days",
"000601","66","2200","meteor","1","1","1","days",
"000602","66","0600","sunrise","100","60","60","minutes",
"000603","66","0700","env_fog","20","10","70","minutes",
"000604","66","0700","env_light_god_rays","10","10","70","minutes",
"000605","66","1900","sunset","100","60","60","minutes",
"000606","66","1600","env_rain","2","40","60","minutes",
"000607","66","1500","env_fog","2","40","90","minutes",
"000608","66","1800","storm","1","360","500","minutes",
"000609","67","1600","storm","2","1","1","days",
"000610","67","1600","meteor","1","1","1","days",
"000611","67","0600","sunrise","100","60","60","minutes",
"000612","67","0700","env_fog","20","10","70","minutes",
"000613","67","0700","env_light_god_rays","10","10","70","minutes",
"000614","67","1900","sunset","100","60","60","minutes",
"000615","67","0600","env_rain","2","40","60","minutes",
"000616","67","1200","env_fog","2","40","90","minutes",
"000617","67","2000","storm","1","360","500","minutes",
"000618","68","1900","storm","2","1","1","days",
"000619","68","0800","meteor","1","1","1","days",
"000620","68","0600","sunrise","100","60","60","minutes",
"000621","68","0700","env_fog","20","10","70","minutes",
"000622","68","0700","env_light_god_rays","10","10","70","minutes",
"000623","68","1900","sunset","100","60","60","minutes",
"000624","68","1900","env_rain","2","40","60","minutes",
"000625","68","1900","env_fog","2","40","90","minutes",
"000626","68","0800","storm","1","360","500","minutes",
"000627","69","1600","storm","2","1","1","days",
"000628","69","1400","meteor","1","1","1","days",
"000629","69","0600","sunrise","100","60","60","minutes",
"000630","69","0700","env_fog","20","10","70","minutes",
"000631","69","0700","env_light_god_rays","10","10","70","minutes",
"000632","69","1900","sunset","100","60","60","minutes",
"000633","69","1800","env_rain","2","40","60","minutes",
"000634","69","1100","env_fog","2","40","90","minutes",
"000635","69","2300","storm","1","360","500","minutes",
"000636","70","2100","storm","2","1","1","days",
"000637","70","2300","meteor","1","1","1","days",
"000638","70","0600","sunrise","100","60","60","minutes",
"000639","70","0700","env_fog","20","10","70","minutes",
"000640","70","0700","env_light_god_rays","10","10","70","minutes",
"000641","70","1900","sunset","100","60","60","minutes",
"000642","70","2100","env_rain","2","40","60","minutes",
"000643","70","1400","env_fog","2","40","90","minutes",
"000644","70","0900","storm","1","360","500","minutes",
"000645","71","1800","storm","2","1","1","days",
"000646","71","1300","meteor","1","1","1","days",
"000647","71","0600","sunrise","100","60","60","minutes",
"000648","71","0700","env_fog","20","10","70","minutes",
"000649","71","0700","env_light_god_rays","10","10","70","minutes",
"000650","71","1900","sunset","100","60","60","minutes",
"000651","71","1900","env_rain","2","40","60","minutes",
"000652","71","2300","env_fog","2","40","90","minutes",
"000653","71","1900","storm","1","360","500","minutes",
"000654","72","1900","storm","2","1","1","days",
"000655","72","2100","meteor","1","1","1","days",
"000656","72","0600","sunrise","100","60","60","minutes",
"000657","72","0700","env_fog","20","10","70","minutes",
"000658","72","0700","env_light_god_rays","10","10","70","minutes",
"000659","72","1900","sunset","100","60","60","minutes",
"000660","72","2100","env_rain","2","40","60","minutes",
"000661","72","1600","env_fog","2","40","90","minutes",
"000662","72","2100","storm","1","360","500","minutes",
"000663","73","0900","storm","2","1","1","days",
"000664","73","1700","meteor","1","1","1","days",
"000665","73","0600","sunrise","100","60","60","minutes",
"000666","73","0700","env_fog","20","10","70","minutes",
"000667","73","0700","env_light_god_rays","10","10","70","minutes",
"000668","73","1900","sunset","100","60","60","minutes",
"000669","73","1900","env_rain","2","40","60","minutes",
"000670","73","1000","env_fog","2","40","90","minutes",
"000671","73","0700","storm","1","360","500","minutes",
"000672","74","2200","storm","2","1","1","days",
"000673","74","1000","meteor","1","1","1","days",
"000674","74","0600","sunrise","100","60","60","minutes",
"000675","74","0700","env_fog","20","10","70","minutes",
"000676","74","0700","env_light_god_rays","10","10","70","minutes",
"000677","74","1900","sunset","100","60","60","minutes",
"000678","74","1600","env_rain","2","40","60","minutes",
"000679","74","0800","env_fog","2","40","90","minutes",
"000680","74","1800","storm","1","360","500","minutes",
"000681","75","0900","storm","2","1","1","days",
"000682","75","1800","meteor","1","1","1","days",
"000683","75","0600","sunrise","100","60","60","minutes",
"000684","75","0700","env_fog","20","10","70","minutes",
"000685","75","0700","env_light_god_rays","10","10","70","minutes",
"000686","75","1900","sunset","100","60","60","minutes",
"000687","75","1200","env_rain","2","40","60","minutes",
"000688","75","0700","env_fog","2","40","90","minutes",
"000689","75","2200","storm","1","360","500","minutes",
"000690","76","1300","storm","2","1","1","days",
"000691","76","0900","meteor","1","1","1","days",
"000692","76","0600","sunrise","100","60","60","minutes",
"000693","76","0700","env_fog","20","10","70","minutes",
"000694","76","0700","env_light_god_rays","10","10","70","minutes",
"000695","76","1900","sunset","100","60","60","minutes",
"000696","76","2200","env_rain","2","40","60","minutes",
"000697","76","2100","env_fog","2","40","90","minutes",
"000698","76","1300","storm","1","360","500","minutes",
"000699","77","0000","birthday_mary","100","1","1","days",
"000700","77","1100","storm","2","1","1","days",
"000701","77","0800","meteor","1","1","1","days",
"000702","77","0600","sunrise","100","60","60","minutes",
"000703","77","0700","env_fog","20","10","70","minutes",
"000704","77","0700","env_light_god_rays","10","10","70","minutes",
"000705","77","1900","sunset","100","60","60","minutes",
"000706","77","1300","env_rain","2","40","60","minutes",
"000707","77","1600","env_fog","2","40","90","minutes",
"000708","77","0800","storm","1","360","500","minutes",
"000709","78","1300","storm","2","1","1","days",
"000710","78","2000","meteor","1","1","1","days",
"000711","78","0600","sunrise","100","60","60","minutes",
"000712","78","0700","env_fog","20","10","70","minutes",
"000713","78","0700","env_light_god_rays","10","10","70","minutes",
"000714","78","1900","sunset","100","60","60","minutes",
"000715","78","0900","env_rain","2","40","60","minutes",
"000716","78","1700","env_fog","2","40","90","minutes",
"000717","78","1900","storm","1","360","500","minutes",
"000718","79","2300","storm","2","1","1","days",
"000719","79","1500","meteor","1","1","1","days",
"000720","79","0600","sunrise","100","60","60","minutes",
"000721","79","0700","env_fog","20","10","70","minutes",
"000722","79","0700","env_light_god_rays","10","10","70","minutes",
"000723","79","1900","sunset","100","60","60","minutes",
"000724","79","2200","env_rain","2","40","60","minutes",
"000725","79","2300","env_fog","2","40","90","minutes",
"000726","79","0600","storm","1","360","500","minutes",
"000727","80","2100","storm","2","1","1","days",
"000728","80","0800","meteor","1","1","1","days",
"000729","80","0600","sunrise","100","60","60","minutes",
"000730","80","0700","env_fog","20","10","70","minutes",
"000731","80","0700","env_light_god_rays","10","10","70","minutes",
"000732","80","1900","sunset","100","60","60","minutes",
"000733","80","1500","env_rain","2","40","60","minutes",
"000734","80","1300","env_fog","2","40","90","minutes",
"000735","80","2200","storm","1","360","500","minutes",
"000736","81","1400","storm","2","1","1","days",
"000737","81","0800","meteor","1","1","1","days",
"000738","81","0600","sunrise","100","60","60","minutes",
"000739","81","0700","env_fog","20","10","70","minutes",
"000740","81","0700","env_light_god_rays","10","10","70","minutes",
"000741","81","1900","sunset","100","60","60","minutes",
"000742","81","2100","env_rain","2","40","60","minutes",
"000743","81","1200","env_fog","2","40","90","minutes",
"000744","81","1500","storm","1","360","500","minutes",
"000745","82","1800","storm","2","1","1","days",
"000746","82","1800","meteor","1","1","1","days",
"000747","82","0600","sunrise","100","60","60","minutes",
"000748","82","0700","env_fog","20","10","70","minutes",
"000749","82","0700","env_light_god_rays","10","10","70","minutes",
"000750","82","1900","sunset","100","60","60","minutes",
"000751","82","0700","env_rain","2","40","60","minutes",
"000752","82","0600","env_fog","2","40","90","minutes",
"000753","82","2300","storm","1","360","500","minutes",
"000754","83","2000","storm","2","1","1","days",
"000755","83","2300","meteor","1","1","1","days",
"000756","83","0600","sunrise","100","60","60","minutes",
"000757","83","0700","env_fog","20","10","70","minutes",
"000758","83","0700","env_light_god_rays","10","10","70","minutes",
"000759","83","1900","sunset","100","60","60","minutes",
"000760","83","1200","env_rain","2","40","60","minutes",
"000761","83","1300","env_fog","2","40","90","minutes",
"000762","83","1100","storm","1","360","500","minutes",
"000763","84","2200","storm","2","1","1","days",
"000764","84","1800","meteor","1","1","1","days",
"000765","84","0600","sunrise","100","60","60","minutes",
"000766","84","0700","env_fog","20","10","70","minutes",
"000767","84","0700","env_light_god_rays","10","10","70","minutes",
"000768","84","1900","sunset","100","60","60","minutes",
"000769","84","0800","env_rain","2","40","60","minutes",
"000770","84","1800","env_fog","2","40","90","minutes",
"000771","84","0600","storm","1","360","500","minutes",
"000772","85","0000","winter","100","28","28","days",
"000773","85","1400","storm","2","1","1","days",
"000774","85","2100","meteor","1","1","1","days",
"000775","85","0600","sunrise","100","60","60","minutes",
"000776","85","0700","env_fog","20","10","70","minutes",
"000777","85","0700","env_light_god_rays","10","10","70","minutes",
"000778","85","1900","sunset","100","60","60","minutes",
"000779","85","1200","env_rain","2","40","60","minutes",
"000780","85","1400","env_fog","2","40","90","minutes",
"000781","85","2200","storm","1","360","500","minutes",
"000782","86","2300","storm","2","1","1","days",
"000783","86","1800","meteor","1","1","1","days",
"000784","86","0600","sunrise","100","60","60","minutes",
"000785","86","0700","env_fog","20","10","70","minutes",
"000786","86","0700","env_light_god_rays","10","10","70","minutes",
"000787","86","1900","sunset","100","60","60","minutes",
"000788","86","1200","env_rain","2","40","60","minutes",
"000789","86","1700","env_fog","2","40","90","minutes",
"000790","86","2100","storm","1","360","500","minutes",
"000791","87","2300","storm","2","1","1","days",
"000792","87","1100","meteor","1","1","1","days",
"000793","87","0600","sunrise","100","60","60","minutes",
"000794","87","0700","env_fog","20","10","70","minutes",
"000795","87","0700","env_light_god_rays","10","10","70","minutes",
"000796","87","1900","sunset","100","60","60","minutes",
"000797","87","1900","env_rain","2","40","60","minutes",
"000798","87","2100","env_fog","2","40","90","minutes",
"000799","87","2200","storm","1","360","500","minutes",
"000800","88","0000","winter_storm","50","1","1","days",
"000801","88","2300","storm","2","1","1","days",
"000802","88","0900","meteor","1","1","1","days",
"000803","88","0600","sunrise","100","60","60","minutes",
"000804","88","0700","env_fog","20","10","70","minutes",
"000805","88","0700","env_light_god_rays","10","10","70","minutes",
"000806","88","1900","sunset","100","60","60","minutes",
"000807","88","1000","env_rain","2","40","60","minutes",
"000808","88","1200","env_fog","2","40","90","minutes",
"000809","88","0700","storm","1","360","500","minutes",
"000810","89","0000","winter_storm","50","1","1","days",
"000811","89","2000","storm","2","1","1","days",
"000812","89","0800","meteor","1","1","1","days",
"000813","89","0600","sunrise","100","60","60","minutes",
"000814","89","0700","env_fog","20","10","70","minutes",
"000815","89","0700","env_light_god_rays","10","10","70","minutes",
"000816","89","1900","sunset","100","60","60","minutes",
"000817","89","0600","env_rain","2","40","60","minutes",
"000818","89","1100","env_fog","2","40","90","minutes",
"000819","89","0800","storm","1","360","500","minutes",
"000820","90","2100","storm","2","1","1","days",
"000821","90","0700","meteor","1","1","1","days",
"000822","90","0600","sunrise","100","60","60","minutes",
"000823","90","0700","env_fog","20","10","70","minutes",
"000824","90","0700","env_light_god_rays","10","10","70","minutes",
"000825","90","1900","sunset","100","60","60","minutes",
"000826","90","1700","env_rain","2","40","60","minutes",
"000827","90","1900","env_fog","2","40","90","minutes",
"000828","90","1800","storm","1","360","500","minutes",
"000829","91","0900","storm","2","1","1","days",
"000830","91","1900","meteor","1","1","1","days",
"000831","91","0600","sunrise","100","60","60","minutes",
"000832","91","0700","env_fog","20","10","70","minutes",
"000833","91","0700","env_light_god_rays","10","10","70","minutes",
"000834","91","1900","sunset","100","60","60","minutes",
"000835","91","0700","env_rain","2","40","60","minutes",
"000836","91","0700","env_fog","2","40","90","minutes",
"000837","91","1000","storm","1","360","500","minutes",
"000838","92","1900","storm","2","1","1","days",
"000839","92","1500","meteor","1","1","1","days",
"000840","92","0600","sunrise","100","60","60","minutes",
"000841","92","0700","env_fog","20","10","70","minutes",
"000842","92","0700","env_light_god_rays","10","10","70","minutes",
"000843","92","1900","sunset","100","60","60","minutes",
"000844","92","1200","env_rain","2","40","60","minutes",
"000845","92","1000","env_fog","2","40","90","minutes",
"000846","92","1400","storm","1","360","500","minutes",
"000847","93","1200","storm","2","1","1","days",
"000848","93","1600","meteor","1","1","1","days",
"000849","93","0600","sunrise","100","60","60","minutes",
"000850","93","0700","env_fog","20","10","70","minutes",
"000851","93","0700","env_light_god_rays","10","10","70","minutes",
"000852","93","1900","sunset","100","60","60","minutes",
"000853","93","1200","env_rain","2","40","60","minutes",
"000854","93","1400","env_fog","2","40","90","minutes",
"000855","93","1800","storm","1","360","500","minutes",
"000856","94","1500","storm","2","1","1","days",
"000857","94","1800","meteor","1","1","1","days",
"000858","94","0600","sunrise","100","60","60","minutes",
"000859","94","0700","env_fog","20","10","70","minutes",
"000860","94","0700","env_light_god_rays","10","10","70","minutes",
"000861","94","1900","sunset","100","60","60","minutes",
"000862","94","1300","env_rain","2","40","60","minutes",
"000863","94","0600","env_fog","2","40","90","minutes",
"000864","94","1900","storm","1","360","500","minutes",
"000865","95","0000","winter_storm","80","1","1","days",
"000866","95","1200","storm","2","1","1","days",
"000867","95","1000","meteor","1","1","1","days",
"000868","95","0600","sunrise","100","60","60","minutes",
"000869","95","0700","env_fog","20","10","70","minutes",
"000870","95","0700","env_light_god_rays","10","10","70","minutes",
"000871","95","1900","sunset","100","60","60","minutes",
"000872","95","2000","env_rain","2","40","60","minutes",
"000873","95","2300","env_fog","2","40","90","minutes",
"000874","95","1600","storm","1","360","500","minutes",
"000875","96","1500","storm","2","1","1","days",
"000876","96","1800","meteor","1","1","1","days",
"000877","96","0600","sunrise","100","60","60","minutes",
"000878","96","0700","env_fog","20","10","70","minutes",
"000879","96","0700","env_light_god_rays","10","10","70","minutes",
"000880","96","1900","sunset","100","60","60","minutes",
"000881","96","1800","env_rain","2","40","60","minutes",
"000882","96","0900","env_fog","2","40","90","minutes",
"000883","96","1100","storm","1","360","500","minutes",
"000884","97","1500","storm","2","1","1","days",
"000885","97","0700","meteor","1","1","1","days",
"000886","97","0600","sunrise","100","60","60","minutes",
"000887","97","0700","env_fog","20","10","70","minutes",
"000888","97","0700","env_light_god_rays","10","10","70","minutes",
"000889","97","1900","sunset","100","60","60","minutes",
"000890","97","1500","env_rain","2","40","60","minutes",
"000891","97","2300","env_fog","2","40","90","minutes",
"000892","97","2200","storm","1","360","500","minutes",
"000893","98","2000","storm","2","1","1","days",
"000894","98","1200","meteor","1","1","1","days",
"000895","98","0600","sunrise","100","60","60","minutes",
"000896","98","0700","env_fog","20","10","70","minutes",
"000897","98","0700","env_light_god_rays","10","10","70","minutes",
"000898","98","1900","sunset","100","60","60","minutes",
"000899","98","1900","env_rain","2","40","60","minutes",
"000900","98","0800","env_fog","2","40","90","minutes",
"000901","98","0600","storm","1","360","500","minutes",
"000902","99","2200","storm","2","1","1","days",
"000903","99","1900","meteor","1","1","1","days",
"000904","99","0600","sunrise","100","60","60","minutes",
"000905","99","0700","env_fog","20","10","70","minutes",
"000906","99","0700","env_light_god_rays","10","10","70","minutes",
"000907","99","1900","sunset","100","60","60","minutes",
"000908","99","2000","env_rain","2","40","60","minutes",
"000909","99","1900","env_fog","2","40","90","minutes",
"000910","99","1600","storm","1","360","500","minutes",
"000911","100","1400","storm","2","1","1","days",
"000912","100","1100","meteor","1","1","1","days",
"000913","100","0600","sunrise","100","60","60","minutes",
"000914","100","0700","env_fog","20","10","70","minutes",
"000915","100","0700","env_light_god_rays","10","10","70","minutes",
"000916","100","1900","sunset","100","60","60","minutes",
"000917","100","1800","env_rain","2","40","60","minutes",
"000918","100","2000","env_fog","2","40","90","minutes",
"000919","100","0700","storm","1","360","500","minutes",
"000920","101","0700","storm","2","1","1","days",
"000921","101","1200","meteor","1","1","1","days",
"000922","101","0600","sunrise","100","60","60","minutes",
"000923","101","0700","env_fog","20","10","70","minutes",
"000924","101","0700","env_light_god_rays","10","10","70","minutes",
"000925","101","1900","sunset","100","60","60","minutes",
"000926","101","1200","env_rain","2","40","60","minutes",
"000927","101","0700","env_fog","2","40","90","minutes",
"000928","101","1600","storm","1","360","500","minutes",
"000929","102","1000","storm","2","1","1","days",
"000930","102","1000","meteor","1","1","1","days",
"000931","102","0600","sunrise","100","60","60","minutes",
"000932","102","0700","env_fog","20","10","70","minutes",
"000933","102","0700","env_light_god_rays","10","10","70","minutes",
"000934","102","1900","sunset","100","60","60","minutes",
"000935","102","1600","env_rain","2","40","60","minutes",
"000936","102","1200","env_fog","2","40","90","minutes",
"000937","102","1600","storm","1","360","500","minutes",
"000938","103","1600","storm","2","1","1","days",
"000939","103","1700","meteor","1","1","1","days",
"000940","103","0600","sunrise","100","60","60","minutes",
"000941","103","0700","env_fog","20","10","70","minutes",
"000942","103","0700","env_light_god_rays","10","10","70","minutes",
"000943","103","1900","sunset","100","60","60","minutes",
"000944","103","1000","env_rain","2","40","60","minutes",
"000945","103","1800","env_fog","2","40","90","minutes",
"000946","103","1600","storm","1","360","500","minutes",
"000947","104","1500","storm","2","1","1","days",
"000948","104","0800","meteor","1","1","1","days",
"000949","104","0600","sunrise","100","60","60","minutes",
"000950","104","0700","env_fog","20","10","70","minutes",
"000951","104","0700","env_light_god_rays","10","10","70","minutes",
"000952","104","1900","sunset","100","60","60","minutes",
"000953","104","1700","env_rain","2","40","60","minutes",
"000954","104","0600","env_fog","2","40","90","minutes",
"000955","104","0600","storm","1","360","500","minutes",
"000956","105","1200","storm","2","1","1","days",
"000957","105","0800","meteor","1","1","1","days",
"000958","105","0600","sunrise","100","60","60","minutes",
"000959","105","0700","env_fog","20","10","70","minutes",
"000960","105","0700","env_light_god_rays","10","10","70","minutes",
"000961","105","1900","sunset","100","60","60","minutes",
"000962","105","1300","env_rain","2","40","60","minutes",
"000963","105","2000","env_fog","2","40","90","minutes",
"000964","105","1900","storm","1","360","500","minutes",
"000965","106","1300","storm","2","1","1","days",
"000966","106","2100","meteor","1","1","1","days",
"000967","106","0600","sunrise","100","60","60","minutes",
"000968","106","0700","env_fog","20","10","70","minutes",
"000969","106","0700","env_light_god_rays","10","10","70","minutes",
"000970","106","1900","sunset","100","60","60","minutes",
"000971","106","1800","env_rain","2","40","60","minutes",
"000972","106","0800","env_fog","2","40","90","minutes",
"000973","106","1300","storm","1","360","500","minutes",
"000974","107","2200","storm","2","1","1","days",
"000975","107","1800","meteor","1","1","1","days",
"000976","107","0600","sunrise","100","60","60","minutes",
"000977","107","0700","env_fog","20","10","70","minutes",
"000978","107","0700","env_light_god_rays","10","10","70","minutes",
"000979","107","1900","sunset","100","60","60","minutes",
"000980","107","0700","env_rain","2","40","60","minutes",
"000981","107","2000","env_fog","2","40","90","minutes",
"000982","107","2300","storm","1","360","500","minutes",
"000983","108","1400","storm","2","1","1","days",
"000984","108","1800","meteor","1","1","1","days",
"000985","108","0600","sunrise","100","60","60","minutes",
"000986","108","0700","env_fog","20","10","70","minutes",
"000987","108","0700","env_light_god_rays","10","10","70","minutes",
"000988","108","1900","sunset","100","60","60","minutes",
"000989","108","2000","env_rain","2","40","60","minutes",
"000990","108","1900","env_fog","2","40","90","minutes",
"000991","108","1100","storm","1","360","500","minutes",
"000992","109","2000","storm","2","1","1","days",
"000993","109","1700","meteor","1","1","1","days",
"000994","109","0600","sunrise","100","60","60","minutes",
"000995","109","0700","env_fog","20","10","70","minutes",
"000996","109","0700","env_light_god_rays","10","10","70","minutes",
"000997","109","1900","sunset","100","60","60","minutes",
"000998","109","1200","env_rain","2","40","60","minutes",
"000999","109","1700","env_fog","2","40","90","minutes",
"001000","109","1000","storm","1","360","500","minutes",
"001001","110","0000","christmas","100","1","1","days",
"001002","110","0800","storm","2","1","1","days",
"001003","110","2000","meteor","1","1","1","days",
"001004","110","0600","sunrise","100","60","60","minutes",
"001005","110","0700","env_fog","20","10","70","minutes",
"001006","110","0700","env_light_god_rays","10","10","70","minutes",
"001007","110","1900","sunset","100","60","60","minutes",
"001008","110","2300","env_rain","2","40","60","minutes",
"001009","110","0600","env_fog","2","40","90","minutes",
"001010","110","0900","storm","1","360","500","minutes",
"001011","111","1600","storm","2","1","1","days",
"001012","111","2300","meteor","1","1","1","days",
"001013","111","0600","sunrise","100","60","60","minutes",
"001014","111","0700","env_fog","20","10","70","minutes",
"001015","111","0700","env_light_god_rays","10","10","70","minutes",
"001016","111","1900","sunset","100","60","60","minutes",
"001017","111","1000","env_rain","2","40","60","minutes",
"001018","111","0900","env_fog","2","40","90","minutes",
"001019","111","1900","storm","1","360","500","minutes",
