---,ID,Name,Description,Quality,Icon,ItemType,Amount,IsStackable,MaxStackSize,IsDroppable,WorldMesh,Health,Duration,WeaponActorClass,EquipmentMesh,EquipmentType,EquipmentSlot,Damage,Armor,Strength,Dexterity,Intelligence
Food_Fern,"Food_Fern","Fern","It looks edidble...","Poor","Texture2D'/Game/_DJM/InventorySystem/Items/Consumables/Icons/T_ICON_Food_Fern.T_ICON_Food_Fern'","Consumable","1","True","99","True","StaticMesh'/Game/_DJM/InventorySystem/Environment/Meshes/SM_Fern.SM_Fern'","2","5.000000","None","None","Armor","Head","0","0","0","0","0"
Food_Apple,"Food_Apple","Apple","A juicy red apple.","Common","Texture2D'/Game/_DJM/InventorySystem/Items/Consumables/Icons/T_ICON_Food_Apple.T_ICON_Food_Apple'","Consumable","1","True","5","True","StaticMesh'/Game/_DJM/InventorySystem/Items/Consumables/Meshes/SM_Food_Apple.SM_Food_Apple'","10","0.000000","None","None","Armor","Head","0","0","0","0","0"
Food_Apple_Poisoned,"Food_Apple_Poisoned","Poisoned Apple","Appears as if it were dripping with poison.","Legendary","Texture2D'/Game/_DJM/InventorySystem/Items/Consumables/Icons/T_ICON_Food_Apple_Poisoned.T_ICON_Food_Apple_Poisoned'","Consumable","1","False","0","True","StaticMesh'/Game/_DJM/InventorySystem/Items/Consumables/Meshes/SM_Food_Apple_Poisoned.SM_Food_Apple_Poisoned'","-99","20.000000","None","None","Armor","Head","0","0","0","0","0"
food_bread,"food_bread","Bread","A crusty loaf of bread","Common","Texture2D'/Game/_DJM/InventorySystem/Items/Consumables/Icons/T_ICON_Food_Bread.T_ICON_Food_Bread'","Consumable","1","True","3","True","StaticMesh'/Game/_DJM/InventorySystem/Items/Consumables/Meshes/SM_Food_Bread.SM_Food_Bread'","25","10.000000","None","None","Armor","Head","0","0","0","0","0"
food_bread_baguette,"food_bread_baguette","Baguette","A crusty baguette","Uncommon","Texture2D'/Game/_DJM/InventorySystem/Items/Consumables/Icons/T_ICON_Food_Baguette.T_ICON_Food_Baguette'","Consumable","1","True","99","True","StaticMesh'/Game/_DJM/InventorySystem/Items/Consumables/Meshes/SM_Food_Baguette.SM_Food_Baguette'","100","60.000000","None","None","Armor","Head","0","0","0","0","0"
Food_Hambone,"Food_Hambone","Hambone","Literally, the bone found in ham meat","Rare","Texture2D'/Game/_DJM/InventorySystem/Items/Consumables/Icons/T_ICON_Food_Hambone.T_ICON_Food_Hambone'","Consumable","1","True","5","True","StaticMesh'/Game/_DJM/InventorySystem/Items/Consumables/Meshes/SM_Food_Hambone.SM_Food_Hambone'","50","30.000000","None","None","Armor","Head","0","0","0","0","0"
Equip_Leather_Backpack,"Equip_Leather_Backpack","Leather Backpack","","Common","Texture2D'/Game/_DJM/InventorySystem/Items/Equipment/Icons/T_ICON_Equip_Leather_Backpack.T_ICON_Equip_Leather_Backpack'","Equipment","1","False","0","True","StaticMesh'/Game/_DJM/InventorySystem/Items/Equipment/Meshes/SM_Equip_Leather_Backpack.SM_Equip_Leather_Backpack'","0","0.000000","None","SkeletalMesh'/Game/_DJM/InventorySystem/Items/Equipment/Meshes/SK_Equip_Leather_Backpack.SK_Equip_Leather_Backpack'","Armor","Back","0","5","0","0","0"
Equip_Leather_Pouches,"Equip_Leather_Pouches","Leather Pouches","","Common","Texture2D'/Game/_DJM/InventorySystem/Items/Equipment/Icons/T_ICON_Equip_Leather_Pouches.T_ICON_Equip_Leather_Pouches'","Equipment","1","False","0","True","StaticMesh'/Game/_DJM/InventorySystem/Items/Equipment/Meshes/SM_Equip_Leather_Pouches.SM_Equip_Leather_Pouches'","0","0.000000","None","SkeletalMesh'/Game/_DJM/InventorySystem/Items/Equipment/Meshes/SK_Equip_Leather_Pouches.SK_Equip_Leather_Pouches'","Armor","Waist","0","3","0","0","0"
Equip_Leather_Ring,"Equip_Leather_Ring","Leather Ring","","Uncommon","Texture2D'/Game/_DJM/InventorySystem/Items/Equipment/Icons/T_ICON_Equip_Leather_Ring.T_ICON_Equip_Leather_Ring'","Equipment","1","False","0","True","StaticMesh'/Game/_DJM/InventorySystem/Items/Equipment/Meshes/SM_Equip_Ring.SM_Equip_Ring'","0","0.000000","None","SkeletalMesh'/Game/_DJM/InventorySystem/Items/Equipment/Meshes/SK_Equip_Ring.SK_Equip_Ring'","Armor","Ring","0","1","0","1","0"
Equip_Spiked_Ring,"Equip_Spiked_Ring","Spiked Ring","","Rare","Texture2D'/Game/_DJM/InventorySystem/Items/Equipment/Icons/T_ICON_Equip_Spiked_Ring.T_ICON_Equip_Spiked_Ring'","Equipment","1","False","0","True","StaticMesh'/Game/_DJM/InventorySystem/Items/Equipment/Meshes/SM_Equip_Ring_Spiked.SM_Equip_Ring_Spiked'","0","0.000000","None","SkeletalMesh'/Game/_DJM/InventorySystem/Items/Equipment/Meshes/SK_Equip_Ring_Spiked.SK_Equip_Ring_Spiked'","Armor","Ring","1","1","1","0","0"
Weapon_Simple_Axe,"Weapon_Simple_Axe","Simple Axe","","Common","Texture2D'/Game/_DJM/InventorySystem/Items/Weapons/Icon/T_ICON_Weapon_Simple_Axe.T_ICON_Weapon_Simple_Axe'","Equipment","1","False","0","True","StaticMesh'/Game/_DJM/InventorySystem/Items/Weapons/Meshes/SM_Weapon_Simple_Axe.SM_Weapon_Simple_Axe'","0","0.000000","None","SkeletalMesh'/Game/_DJM/InventorySystem/Items/Weapons/Meshes/SK_Weapon_Simple_Axe.SK_Weapon_Simple_Axe'","Weapon","Main-Hand","14","0","2","1","0"
Weapon_Bone_Dagger,"Weapon_Bone_Dagger","Bone Dagger","","Common","Texture2D'/Game/_DJM/InventorySystem/Items/Weapons/Icon/T_ICON_Weapon_Bone_Dagger.T_ICON_Weapon_Bone_Dagger'","Equipment","1","False","0","True","StaticMesh'/Game/_DJM/InventorySystem/Items/Weapons/Meshes/SM_Weapon_Bone_Dagger.SM_Weapon_Bone_Dagger'","0","0.000000","None","SkeletalMesh'/Game/_DJM/InventorySystem/Items/Weapons/Meshes/SK_Weapon_Bone_Dagger.SK_Weapon_Bone_Dagger'","Weapon","Main-Hand","9","0","0","3","2"
Weapon_Bone_Sword,"Weapon_Bone_Sword","Bone Sword","","Uncommon","Texture2D'/Game/_DJM/InventorySystem/Items/Weapons/Icon/T_ICON_Weapon_Bone_Sword.T_ICON_Weapon_Bone_Sword'","Equipment","1","False","0","True","StaticMesh'/Game/_DJM/InventorySystem/Items/Weapons/Meshes/SM_Weapon_Bone_Sword.SM_Weapon_Bone_Sword'","0","0.000000","None","SkeletalMesh'/Game/_DJM/InventorySystem/Items/Weapons/Meshes/SK_Weapon_Bone_Sword.SK_Weapon_Bone_Sword'","Weapon","Main-Hand","18","0","2","2","0"
Armor_Leather_Hood,"Armor_Leather_Hood","Leather Hood","","Uncommon","Texture2D'/Game/_DJM/InventorySystem/Items/Equipment/Icons/T_ICON_Armor_Leather_Hood.T_ICON_Armor_Leather_Hood'","Equipment","1","False","0","True","StaticMesh'/Game/_DJM/InventorySystem/Items/Equipment/Meshes/SM_Armor_Leather_Hood.SM_Armor_Leather_Hood'","0","0.000000","None","SkeletalMesh'/Game/_DJM/InventorySystem/Items/Equipment/Meshes/SK_Armor_Leather_Hood.SK_Armor_Leather_Hood'","Armor","Head","0","3","1","2","0"
Armor_Leather_Helmet,"Armor_Leather_Helmet","Leather Helmet","","Uncommon","Texture2D'/Game/_DJM/InventorySystem/Items/Equipment/Icons/T_ICON_Armor_Leather_Helmet.T_ICON_Armor_Leather_Helmet'","Equipment","1","False","0","True","StaticMesh'/Game/_DJM/InventorySystem/Items/Equipment/Meshes/SM_Armor_Leather_Helmet.SM_Armor_Leather_Helmet'","0","0.000000","None","SkeletalMesh'/Game/_DJM/InventorySystem/Items/Equipment/Meshes/SK_Armor_Leather_Helmet.SK_Armor_Leather_Helmet'","Armor","Head","0","6","2","1","0"
Armor_Leather_Boots,"Armor_Leather_Boots","Leather Boots","","Uncommon","Texture2D'/Game/_DJM/InventorySystem/Items/Equipment/Icons/T_ICON_Armor_Leather_Boots.T_ICON_Armor_Leather_Boots'","Equipment","1","False","0","True","StaticMesh'/Game/_DJM/InventorySystem/Items/Equipment/Meshes/SM_Armor_Leather_Boots.SM_Armor_Leather_Boots'","0","0.000000","None","SkeletalMesh'/Game/_DJM/InventorySystem/Items/Equipment/Meshes/SK_Armor_Leather_Boots.SK_Armor_Leather_Boots'","Armor","Feet","0","7","2","1","0"
Armor_Bladed_Shoulder,"Armor_Bladed_Shoulder","Bladed Shoulder Piece","","Legendary","Texture2D'/Game/_DJM/InventorySystem/Items/Equipment/Icons/T_ICON_Armor_Bladed_Shoulder.T_ICON_Armor_Bladed_Shoulder'","Equipment","1","False","0","True","StaticMesh'/Game/_DJM/InventorySystem/Items/Equipment/Meshes/SM_Armor_Bladed_Shoulder.SM_Armor_Bladed_Shoulder'","0","0.000000","None","SkeletalMesh'/Game/_DJM/InventorySystem/Items/Equipment/Meshes/SK_Armor_Bladed_Shoulder.SK_Armor_Bladed_Shoulder'","Armor","Shoulder","0","16","5","0","0"
Armor_Cardboard_Helmet,"Armor_Cardboard_Helmet","Cardboard Helmet","","Poor","Texture2D'/Game/_DJM/InventorySystem/Items/Equipment/Icons/T_ICON_Armor_Cardboard_Helmet.T_ICON_Armor_Cardboard_Helmet'","Equipment","1","False","0","True","StaticMesh'/Game/_DJM/InventorySystem/Items/Equipment/Meshes/SM_Armor_Cardboard_Helm.SM_Armor_Cardboard_Helm'","0","0.000000","None","SkeletalMesh'/Game/_DJM/InventorySystem/Items/Equipment/Meshes/SK_Armor_Cardboard_Helmet.SK_Armor_Cardboard_Helmet'","Armor","Head","1","0","0","0","0"
Armor_Cardboard_Chest,"Armor_Cardboard_Chest","Cardboard Chest","","Poor","Texture2D'/Game/_DJM/InventorySystem/Items/Equipment/Icons/T_ICON_Armor_Cardboard_Chest.T_ICON_Armor_Cardboard_Chest'","Equipment","1","False","0","True","StaticMesh'/Game/_DJM/InventorySystem/Items/Equipment/Meshes/SM_Armor_Cardboard_Chest.SM_Armor_Cardboard_Chest'","0","0.000000","None","SkeletalMesh'/Game/_DJM/InventorySystem/Items/Equipment/Meshes/SK_Armor_Cardboard_Chest.SK_Armor_Cardboard_Chest'","Armor","Chest","0","1","0","0","0"
Armor_Cardboard_Gloves,"Armor_Cardboard_Gloves","Cardboard Gloves","","Poor","Texture2D'/Game/_DJM/InventorySystem/Items/Equipment/Icons/T_ICON_Armor_Cardboard_Gloves.T_ICON_Armor_Cardboard_Gloves'","Equipment","1","False","0","True","StaticMesh'/Game/_DJM/InventorySystem/Items/Equipment/Meshes/SM_Armor_Cardboard_Gloves.SM_Armor_Cardboard_Gloves'","0","0.000000","None","SkeletalMesh'/Game/_DJM/InventorySystem/Items/Equipment/Meshes/SK_Armor_Cardboard_Gloves.SK_Armor_Cardboard_Gloves'","Armor","Hands","0","1","0","0","0"
Armor_Cardboard_Legs,"Armor_Cardboard_Legs","Cardboard Legs","","Poor","Texture2D'/Game/_DJM/InventorySystem/Items/Equipment/Icons/T_ICON_Armor_Cardboard_Legs.T_ICON_Armor_Cardboard_Legs'","Equipment","1","False","0","True","StaticMesh'/Game/_DJM/InventorySystem/Items/Equipment/Meshes/SM_Armor_Cardboard_Legs.SM_Armor_Cardboard_Legs'","0","0.000000","None","SkeletalMesh'/Game/_DJM/InventorySystem/Items/Equipment/Meshes/SK_Armor_Cardboard_Legs.SK_Armor_Cardboard_Legs'","Armor","Legs","1","0","0","0","0"
Armor_Cardboard_Boots,"Armor_Cardboard_Boots","Cardboard Boots","","Poor","Texture2D'/Game/_DJM/InventorySystem/Items/Equipment/Icons/T_ICON_Armor_Cardboard_Boots.T_ICON_Armor_Cardboard_Boots'","Equipment","1","False","0","True","StaticMesh'/Game/_DJM/InventorySystem/Items/Equipment/Meshes/SM_Armor_Cardboard_Boots.SM_Armor_Cardboard_Boots'","0","0.000000","None","SkeletalMesh'/Game/_DJM/InventorySystem/Items/Equipment/Meshes/SK_Armor_Cardboard_Boots.SK_Armor_Cardboard_Boots'","Armor","Feet","1","0","0","0","0"
Shield_Wood_Planks,"Shield_Wood_Planks","Wood Planks","Lash enough of these together, and you'll have a pretty sturdy raft.","Poor","Texture2D'/Game/_DJM/InventorySystem/Items/Weapons/Icon/T_ICON_Shield_Wood_Planks.T_ICON_Shield_Wood_Planks'","Equipment","1","False","0","True","StaticMesh'/Game/_DJM/InventorySystem/Items/Weapons/Meshes/SM_Shield_Wood_Planks.SM_Shield_Wood_Planks'","0","0.000000","None","SkeletalMesh'/Game/_DJM/InventorySystem/Items/Weapons/Meshes/SK_Shield_Wood_Planks.SK_Shield_Wood_Planks'","Armor","Off-Hand","0","11","2","2","0"
Misc_Human_Skull,"Misc_Human_Skull","Human Skull","Screams and weeping are heard faintly as you clutch the skull.","Rare","Texture2D'/Game/_DJM/InventorySystem/Items/Miscellaneous/Icons/T_ICON_Misc_Human_Skull.T_ICON_Misc_Human_Skull'","Equipment","1","False","0","True","StaticMesh'/Game/_DJM/InventorySystem/Items/Miscellaneous/Meshes/SM_Human_Skull.SM_Human_Skull'","0","0.000000","None","None","Miscellaneous","Trinket","0","0","0","0","0"
Equip_Bone_Amulet,"Equip_Bone_Amulet","Amulet of Bone","A great deal of power radiates from the amulet...","Legendary","Texture2D'/Game/_DJM/InventorySystem/Items/Equipment/Icons/T_ICON_Equip_Bone_Amulet.T_ICON_Equip_Bone_Amulet'","Equipment","1","False","0","True","StaticMesh'/Game/_DJM/InventorySystem/Items/Equipment/Meshes/SM_Equip_Bone_Amulet.SM_Equip_Bone_Amulet'","0","0.000000","None","SkeletalMesh'/Game/_DJM/InventorySystem/Items/Equipment/Meshes/SK_Equip_Bone_Amulet.SK_Equip_Bone_Amulet'","Armor","Accessory","0","0","0","0","27"
Currency_Gold,"Currency_Gold","Gold","","Common","Texture2D'/Game/_DJM/InventorySystem/Items/Miscellaneous/Icons/T_ICON_Currency_Gold.T_ICON_Currency_Gold'","Currency","1","False","0","True","StaticMesh'/Game/_DJM/InventorySystem/Items/Miscellaneous/Meshes/SM_Coin.SM_Coin'","0","0.000000","None","None","Armor","Head","0","0","0","0","0"
Weapon_Rifle_Assault,"Weapon_Rifle_Assault","Assault Rifle","Unlike anything you have ever seen before.","Legendary","Texture2D'/Game/_DJM/InventorySystem/Items/Weapons/Icon/T_ICON_Weapon_Rifle_Assault.T_ICON_Weapon_Rifle_Assault'","Equipment","1","False","0","True","StaticMesh'/Game/_DJM/InventorySystem/Items/Weapons/Meshes/SM_Weapon_Assault_Rifle.SM_Weapon_Assault_Rifle'","0","0.000000","BlueprintGeneratedClass'/Game/_DJM/InventorySystem/Blueprints/Weapons/Weapon_Rifle_Assualt.Weapon_Rifle_Assualt_C'","SkeletalMesh'/Game/_DJM/InventorySystem/Items/Weapons/Meshes/SK_Weapon_Rifle_Assault.SK_Weapon_Rifle_Assault'","Weapon","Main-Hand","9001","0","64","8","0"
Fishing_Rod,"Fishing_Rod","Fishing_Rod","Fishing Rod","Common","Texture2D'/Game/_DJM/fishing/Materials/INV_Fishingpole_01.INV_Fishingpole_01'","Equipment","1","False","0","True","StaticMesh'/Game/_DJM/farming/Meshes/SM_Fishing_Rod3b.SM_Fishing_Rod3b'","0","0.000000","BlueprintGeneratedClass'/Game/_DJM/InventorySystem/Blueprints/Weapons/Weapon_Actor.Weapon_Actor_C'","SkeletalMesh'/Game/_DJM/fishing/Meshes/FishingRods/fish_rod04g.fish_rod04g'","Weapon","Main-Hand","1","1","1","1","1"
farm_grass,"farm_grass","farm_grass","Grass harvested from farm","Common","Texture2D'/Game/_DJM/farming/Textures/grass03.grass03'","Miscellaneous","1","True","100","True","StaticMesh'/Game/_DJM/farming/Meshes/grass_pickup.grass_pickup'","0","0.000000","None","None","Miscellaneous","Head","0","0","0","0","0"
pickup_ore_basic,"pickup_ore_basic","Ore basic","Basic Ore - pretty much just stone","Poor","Texture2D'/Game/_DJM/pickups/Textures/ore01.ore01'","Miscellaneous","1","True","99","True","StaticMesh'/Game/NaturePackage/Meshes/flora/rock7.rock7'","0","0.000000","None","None","Armor","Head","0","0","0","0","0"
pickup_herb_basic,"pickup_herb_basic","Basic Herb","Simple herb - increases health a little","Common","Texture2D'/Game/_DJM/pickups/Textures/herb01.herb01'","Miscellaneous","1","True","99","True","StaticMesh'/Game/_DJM/pickups/materials/SM_grass_bush_simple_05.SM_grass_bush_simple_05'","0","0.000000","None","None","Armor","Head","0","0","0","0","0"
pickup_mushroom_basic,"pickup_mushroom_basic","Mushroom - Basic","A basic mushroom","Common","Texture2D'/Game/_DJM/pickups/Textures/mushroom01.mushroom01'","Miscellaneous","1","True","99","True","StaticMesh'/Game/_DJM/pickups/djm_mushroom/mushroom02.mushroom02'","0","0.000000","None","None","Armor","Head","0","0","0","0","0"
pickup_apple_basic,"pickup_apple_basic","Apple","Juicy Apple","Common","Texture2D'/Game/_DJM/pickups/Textures/apple01.apple01'","Miscellaneous","1","True","99","True","StaticMesh'/Game/_DJM/pickups/apple_mats/food_apple.food_apple'","0","0.000000","None","None","Armor","Head","0","0","0","0","0"
fish_pike,"fish_pike","fish_pike","Fish Pike","Common","Texture2D'/Game/_DJM/fishing/Icons/fish_pike.fish_pike'","Consumable","1","True","20","True","StaticMesh'/Game/_DJM/fishing/Meshes/SM_fish_pike.SM_fish_pike'","2","0.000000","None","SkeletalMesh'/Game/_DJM/fishing/Meshes/pike_rig_exp.pike_rig_exp'","Miscellaneous","Head","0","0","0","0","0"
fish_goliath,"fish_goliath","fish_goliath","A Massive fish","Rare","Texture2D'/Game/_DJM/fishing/Icons/fish_goliath_icon.fish_goliath_icon'","Consumable","1","True","10","True","StaticMesh'/Game/_DJM/fishing/Meshes/SM_fish_goliath.SM_fish_goliath'","3","0.000000","None","SkeletalMesh'/Game/_DJM/fishing/Meshes/goliath_grouper_rig.goliath_grouper_rig'","Miscellaneous","Main-Hand","0","0","0","0","0"
fish_frog,"fish_frog","Frog","A little frog","Common","Texture2D'/Game/_DJM/fishing/Icons/fish_frog_icon.fish_frog_icon'","Consumable","1","True","10","True","StaticMesh'/Game/_DJM/fishing/Meshes/SM_fish_frog.SM_fish_frog'","0","0.000000","None","None","Armor","Head","0","0","0","0","0"
fish_crab,"fish_crab","Crab","A little crab","Common","Texture2D'/Game/_DJM/fishing/Icons/fish_crab_icon.fish_crab_icon'","Consumable","1","True","100","True","StaticMesh'/Game/_DJM/fishing/Meshes/SM_fish_crab.SM_fish_crab'","0","0.000000","None","None","Armor","Head","0","0","0","0","0"
fish_mackeral,"fish_mackeral","Mackeral","A Mackeral fish","Uncommon","Texture2D'/Game/_DJM/fishing/Icons/fish_mackeral_icon.fish_mackeral_icon'","Consumable","1","True","100","True","StaticMesh'/Game/_DJM/fishing/Meshes/SM_fish_mackeral.SM_fish_mackeral'","2","0.000000","None","None","Armor","Head","0","0","0","0","0"
fish_octopus,"fish_octopus","Octopus","An Octopus","Rare","Texture2D'/Game/_DJM/fishing/Icons/fish_octopus_icon.fish_octopus_icon'","Consumable","1","True","100","True","StaticMesh'/Game/_DJM/fishing/Meshes/SM_fish_octopus.SM_fish_octopus'","0","0.000000","None","None","Armor","Head","0","0","0","0","0"
fish_perch,"fish_perch","Perch","Perch fish","Common","Texture2D'/Game/_DJM/fishing/Icons/fish_perch_icon.fish_perch_icon'","Consumable","1","True","100","True","StaticMesh'/Game/_DJM/fishing/Meshes/SM_fish_perch.SM_fish_perch'","0","0.000000","None","None","Armor","Head","0","0","0","0","0"
fish_red_eye,"fish_red_eye","Red Eye","A Red Eye fish","Common","Texture2D'/Game/_DJM/fishing/Icons/fish_red_eye_icon.fish_red_eye_icon'","Consumable","1","True","100","True","StaticMesh'/Game/_DJM/fishing/Meshes/SM_fish_red_eye.SM_fish_red_eye'","0","0.000000","None","None","Armor","Head","0","0","0","0","0"
fish_salmon,"fish_salmon","Salmon","A fiesty Salmon","Common","Texture2D'/Game/_DJM/fishing/Icons/fish_salmon_icon.fish_salmon_icon'","Consumable","1","True","100","True","StaticMesh'/Game/_DJM/fishing/Meshes/SM_fish_salmon.SM_fish_salmon'","3","0.000000","None","None","Armor","Head","0","0","0","0","0"
fish_shark,"fish_shark","Shark","A giant Shark","Rare","Texture2D'/Game/_DJM/fishing/Icons/fish_shark_icon.fish_shark_icon'","Consumable","1","True","5","True","StaticMesh'/Game/_DJM/fishing/Meshes/SM_fish_shark.SM_fish_shark'","50","0.000000","None","None","Armor","Head","0","0","0","0","0"
wood_handle_short,"wood_handle_short","Wood Handle - Short","A handle for a handtool","Common","Texture2D'/Game/_DJM/InventorySystem/Items/z_djm_items/wood/img_wood_handle_short_med.img_wood_handle_short_med'","Equipment","1","True","10","True","StaticMesh'/Game/_DJM/InventorySystem/Items/z_djm_items/wood/SM_wood_handle_short.SM_wood_handle_short'","0","0.000000","BlueprintGeneratedClass'/Game/_DJM/InventorySystem/Blueprints/Weapons/Weapon_Actor.Weapon_Actor_C'","SkeletalMesh'/Game/_DJM/InventorySystem/Items/z_djm_items/wood/SK_wood_handle_short.SK_wood_handle_short'","Weapon","Main-Hand","3","0","0","0","0"
wood_stick_short,"wood_stick_short","Wood Stick - Short","A short fat wooden stick","Common","Texture2D'/Game/_DJM/InventorySystem/Items/z_djm_items/wood/img_wood_stick_short_med.img_wood_stick_short_med'","Miscellaneous","1","True","100","True","StaticMesh'/Game/_DJM/InventorySystem/Items/z_djm_items/wood/SM_wood_stick_short.SM_wood_stick_short'","0","0.000000","None","SkeletalMesh'/Game/_DJM/InventorySystem/Items/z_djm_items/wood/SK_wood_stick_short.SK_wood_stick_short'","Miscellaneous","Off-Hand","2","0","0","0","0"
pickup_gem_red,"pickup_gem_red","Red Gem","A basic red Gem","Uncommon","Texture2D'/Game/_DJM/InventorySystem/Items/z_djm_items/gems/img_gem_basic_med.img_gem_basic_med'","Miscellaneous","1","True","99","True","StaticMesh'/Game/_DJM/InventorySystem/Items/z_djm_items/gems/SM_Gem_round01.SM_Gem_round01'","0","0.000000","None","SkeletalMesh'/Game/_DJM/InventorySystem/Items/z_djm_items/gems/gem_round01.gem_round01'","Armor","Head","0","0","0","0","0"
pickup_gem_orange,"pickup_gem_orange","Orange Gem","A basic orange Gem","Uncommon","Texture2D'/Game/_DJM/InventorySystem/Items/z_djm_items/gems/img_gem02.img_gem02'","Miscellaneous","1","True","99","True","StaticMesh'/Game/_DJM/InventorySystem/Items/z_djm_items/gems/SM_Gem_round02.SM_Gem_round02'","0","0.000000","None","SkeletalMesh'/Game/_DJM/InventorySystem/Items/z_djm_items/gems/gem_round02.gem_round02'","Armor","Head","0","0","0","0","0"
cloth_vest_safety_F,"cloth_vest_safety_F","Safey Vest Female","Safety Vest for Female","Common","Texture2D'/Game/_DJM/UCS/Clothing/Final/Others/img_Vest_F.img_Vest_F'","Equipment","1","False","1","True","StaticMesh'/Game/_DJM/UCS/Clothing/Final/Others/SM_F_Vest.SM_F_Vest'","0","0.000000","None","SkeletalMesh'/Game/_DJM/UCS/Clothing/Final/Others/SK_F_Vest.SK_F_Vest'","Armor","Chest","1","3","0","0","2"
cloth_chest_jacket_F,"cloth_chest_jacket_F","Jacket Female","Jacket Female","Common","Texture2D'/Game/_DJM/UCS/Clothing/Final/Top/Jacket/img_Jacket_F.img_Jacket_F'","Equipment","1","False","0","True","StaticMesh'/Game/_DJM/UCS/Clothing/Final/Top/Jacket/SM_F_Jacket.SM_F_Jacket'","0","0.000000","None","SkeletalMesh'/Game/_DJM/UCS/Clothing/Final/Top/Jacket/SK_F_Jacket.SK_F_Jacket'","Armor","Chest","0","2","0","0","0"
cloth_chest_jacket_M,"cloth_chest_jacket_M","Jacket Male","Jacket Male","Common","Texture2D'/Game/_DJM/UCS/Clothing/Final/Top/Jacket/img_Jacket_M.img_Jacket_M'","Equipment","1","False","0","True","StaticMesh'/Game/_DJM/UCS/Clothing/Final/Top/Jacket/SM_M_Jacket.SM_M_Jacket'","0","0.000000","None","SkeletalMesh'/Game/_DJM/UCS/Clothing/Final/Top/Jacket/SK_M_Jacket.SK_M_Jacket'","Armor","Chest","0","2","0","0","0"
cloth_chest_polo_shirt_F,"cloth_chest_polo_shirt_F","Polo Shirt Female","Polo Shirt Female","Common","Texture2D'/Game/_DJM/UCS/Clothing/Final/Top/Polo_Shirt/img_Polo_Shirt_F.img_Polo_Shirt_F'","Equipment","1","False","0","True","StaticMesh'/Game/_DJM/UCS/Clothing/Final/Top/Polo_Shirt/SM_F_Polo_Shirt.SM_F_Polo_Shirt'","0","0.000000","None","SkeletalMesh'/Game/_DJM/UCS/Clothing/Final/Top/Polo_Shirt/SK_F_PoloShirt.SK_F_PoloShirt'","Armor","Chest","0","0","0","0","0"
cloth_chest_polo_shirt_M,"cloth_chest_polo_shirt_M","Polo Shirt Male","Polo Shirt Male","Common","Texture2D'/Game/_DJM/UCS/Clothing/Final/Top/Polo_Shirt/img_Polo_Shirt_M.img_Polo_Shirt_M'","Equipment","1","False","0","False","StaticMesh'/Game/_DJM/UCS/Clothing/Final/Top/Polo_Shirt/SM_M_Polo_Shirt.SM_M_Polo_Shirt'","0","0.000000","None","SkeletalMesh'/Game/_DJM/UCS/Clothing/Final/Top/Polo_Shirt/SK_M_PoloShirt.SK_M_PoloShirt'","Armor","Chest","0","0","0","0","0"
cloth_hat_construction_F,"cloth_hat_construction_F","Construction Helment Female","Construction Helmet Female","Common","Texture2D'/Game/_DJM/UCS/Clothing/Final/Hats/Construction_Helmet/img_helment_construction.img_helment_construction'","Equipment","1","False","0","True","StaticMesh'/Game/_DJM/UCS/Clothing/Final/Hats/Construction_Helmet/SM_Helmet_Construction_F.SM_Helmet_Construction_F'","0","0.000000","None","SkeletalMesh'/Game/_DJM/UCS/Clothing/Final/Hats/Construction_Helmet/SK_F_ConstructionHelmet.SK_F_ConstructionHelmet'","Armor","Head","0","0","0","0","0"
cloth_hat_construction_M,"cloth_hat_construction_M","Construction Helment Male","Construction Helmet Female","Common","Texture2D'/Game/_DJM/UCS/Clothing/Final/Hats/Construction_Helmet/img_helment_construction.img_helment_construction'","Equipment","1","False","0","True","StaticMesh'/Game/_DJM/UCS/Clothing/Final/Hats/Construction_Helmet/SM_Helmet_Construction_M.SM_Helmet_Construction_M'","0","0.000000","None","SkeletalMesh'/Game/_DJM/UCS/Clothing/Final/Hats/Construction_Helmet/SK_M_ConstructionHelmet.SK_M_ConstructionHelmet'","Armor","Head","0","0","0","0","0"
cloth_vest_safety_M,"cloth_vest_safety_M","Safey Vest Male","Safety Vest for Male","Common","Texture2D'/Game/_DJM/UCS/Clothing/Final/Others/img_Vest_M.img_Vest_M'","Equipment","1","False","1","True","StaticMesh'/Game/_DJM/UCS/Clothing/Final/Others/SM_M_Vest.SM_M_Vest'","0","0.000000","None","SkeletalMesh'/Game/_DJM/UCS/Clothing/Final/Others/SK_M_Vest.SK_M_Vest'","Armor","Chest","1","3","0","0","2"
cloth_access_glasses_a_F,"cloth_access_glasses_a_F","Glasses Dark Female","Glasses Dark Female","Common","Texture2D'/Game/_DJM/UCS/Clothing/Final/Accessories/Glasses/img_Glasses_A_Female.img_Glasses_A_Female'","Equipment","1","False","0","False","StaticMesh'/Game/_DJM/UCS/Clothing/Final/Accessories/Glasses/SM_F_Glasses_A.SM_F_Glasses_A'","0","0.000000","None","SkeletalMesh'/Game/_DJM/UCS/Clothing/Final/Accessories/Glasses/SK_F_Glasses_A.SK_F_Glasses_A'","Armor","Accessory","0","0","0","0","0"
cloth_access_glasses_b_F,"cloth_access_glasses_b_F","Glasses Light Female","Glasses Light Female","Common","Texture2D'/Game/_DJM/UCS/Clothing/Final/Accessories/Glasses/img_Glasses_B_Female.img_Glasses_B_Female'","Equipment","1","False","0","False","StaticMesh'/Game/_DJM/UCS/Clothing/Final/Accessories/Glasses/SM_F_Glasses_B.SM_F_Glasses_B'","0","0.000000","None","SkeletalMesh'/Game/_DJM/UCS/Clothing/Final/Accessories/Glasses/SK_F_Glasses_B.SK_F_Glasses_B'","Armor","Accessory","0","0","0","0","0"
cloth_access_glasses_a_M,"cloth_access_glasses_a_M","Glasses Dark Male","Glasses Dark Female","Common","Texture2D'/Game/_DJM/UCS/Clothing/Final/Accessories/Glasses/img_Glasses_A_Male.img_Glasses_A_Male'","Equipment","1","False","0","False","StaticMesh'/Game/_DJM/UCS/Clothing/Final/Accessories/Glasses/SM_M_Glasses_A.SM_M_Glasses_A'","0","0.000000","None","SkeletalMesh'/Game/_DJM/UCS/Clothing/Final/Accessories/Glasses/SK_M_Glasses_A.SK_M_Glasses_A'","Armor","Accessory","0","0","0","0","0"
cloth_access_glasses_b_M,"cloth_access_glasses_b_M","Glasses Light Male","Glasses Light Female","Common","Texture2D'/Game/_DJM/UCS/Clothing/Final/Accessories/Glasses/img_Glasses_B_Male.img_Glasses_B_Male'","Equipment","1","False","0","False","StaticMesh'/Game/_DJM/UCS/Clothing/Final/Accessories/Glasses/SM_M_Glasses_B.SM_M_Glasses_B'","0","0.000000","None","SkeletalMesh'/Game/_DJM/UCS/Clothing/Final/Accessories/Glasses/SK_M_Glasses_B.SK_M_Glasses_B'","Armor","Accessory","0","0","0","0","0"
cloth_access_sweatband_F,"cloth_access_sweatband_F","Sweatband Female","Sweatband Female","Common","Texture2D'/Game/_DJM/UCS/Clothing/Final/Accessories/Headband/img_Sweatband_Female.img_Sweatband_Female'","Equipment","1","False","0","False","StaticMesh'/Game/_DJM/UCS/Clothing/Final/Accessories/Headband/SM_F_Sweatband.SM_F_Sweatband'","0","0.000000","None","SkeletalMesh'/Game/_DJM/UCS/Clothing/Final/Accessories/Headband/SK_F_Sweatband.SK_F_Sweatband'","Armor","Head","0","0","0","0","0"
cloth_access_sweatband_M,"cloth_access_sweatband_M","Sweatband Male","Sweatband Male","Common","Texture2D'/Game/_DJM/UCS/Clothing/Final/Accessories/Headband/img_Sweatband_Male.img_Sweatband_Male'","Equipment","1","False","0","False","StaticMesh'/Game/_DJM/UCS/Clothing/Final/Accessories/Headband/SM_M_Sweatband.SM_M_Sweatband'","0","0.000000","None","SkeletalMesh'/Game/_DJM/UCS/Clothing/Final/Accessories/Headband/SK_M_Sweatband.SK_M_Sweatband'","Armor","Head","0","0","0","0","0"
cloth_access_horns_F,"cloth_access_horns_F","Horns Female","Horns Female","Common","Texture2D'/Game/_DJM/UCS/Clothing/Final/Accessories/Horns/img_Horns_Female.img_Horns_Female'","Equipment","1","False","0","False","StaticMesh'/Game/_DJM/UCS/Clothing/Final/Accessories/Horns/SM_F_Horns.SM_F_Horns'","0","0.000000","None","SkeletalMesh'/Game/_DJM/UCS/Clothing/Final/Accessories/Horns/SK_F_Horns.SK_F_Horns'","Armor","Accessory","0","0","0","0","0"
cloth_access_horns_M,"cloth_access_horns_M","Horns Male","Horns Male","Common","Texture2D'/Game/_DJM/UCS/Clothing/Final/Accessories/Horns/img_Horns_Male.img_Horns_Male'","Equipment","1","False","0","False","StaticMesh'/Game/_DJM/UCS/Clothing/Final/Accessories/Horns/SM_M_Horns.SM_M_Horns'","0","0.000000","None","SkeletalMesh'/Game/_DJM/UCS/Clothing/Final/Accessories/Horns/SK_M_Horns.SK_M_Horns'","Armor","Accessory","0","0","0","0","0"
cloth_pants_Basic_Female,"cloth_pants_Basic_Female","Basic Female Pants","Basic Female Pants","Common","Texture2D'/Game/_DJM/UCS/Clothing/Final/Bottom/Pants/img_Pants_Female.img_Pants_Female'","Equipment","1","False","0","False","StaticMesh'/Game/_DJM/UCS/Clothing/Final/Bottom/Pants/SM_F_Pants.SM_F_Pants'","0","0.000000","None","SkeletalMesh'/Game/_DJM/UCS/Clothing/Final/Bottom/Pants/SK_F_Pants.SK_F_Pants'","Armor","Legs","0","0","0","0","0"
cloth_pants_Basic_Male,"cloth_pants_Basic_Male","Basic Male Pants","Basic Male Pants","Common","Texture2D'/Game/_DJM/UCS/Clothing/Final/Bottom/Pants/img_Pants_Male.img_Pants_Male'","Equipment","1","False","0","False","StaticMesh'/Game/_DJM/UCS/Clothing/Final/Bottom/Pants/SM_M_Pants.SM_M_Pants'","0","0.000000","None","SkeletalMesh'/Game/_DJM/UCS/Clothing/Final/Bottom/Pants/SK_M_Pants.SK_M_Pants'","Armor","Legs","0","0","0","0","0"
cloth_pants_short_Female,"cloth_pants_short_Female","Basic Female Shorts","Basic Female Shorts","Common","Texture2D'/Game/_DJM/UCS/Clothing/Final/Bottom/Shorts/img_Pants_Short_Female.img_Pants_Short_Female'","Equipment","1","False","0","False","StaticMesh'/Game/_DJM/UCS/Clothing/Final/Bottom/Shorts/SM_F_Shorts.SM_F_Shorts'","0","0.000000","None","SkeletalMesh'/Game/_DJM/UCS/Clothing/Final/Bottom/Shorts/SK_F_Shorts.SK_F_Shorts'","Armor","Legs","0","0","0","0","0"
cloth_pants_short_Male,"cloth_pants_short_Male","Basic Male Shorts","Basic Male Shorts","Common","Texture2D'/Game/_DJM/UCS/Clothing/Final/Bottom/Shorts/img_Pants_Short_Male.img_Pants_Short_Male'","Equipment","1","False","0","False","StaticMesh'/Game/_DJM/UCS/Clothing/Final/Bottom/Shorts/SM_M_Shorts.SM_M_Shorts'","0","0.000000","None","SkeletalMesh'/Game/_DJM/UCS/Clothing/Final/Bottom/Shorts/SK_M_Shorts.SK_M_Shorts'","Armor","Legs","0","0","0","0","0"
cloth_hat_brim_A_Female,"cloth_hat_brim_A_Female","Wide Brim Hat Female","Wide Brim Hat Female","Common","Texture2D'/Game/_DJM/UCS/Clothing/Final/Hats/Hats/img_Hat_A_Female.img_Hat_A_Female'","Equipment","1","False","0","True","StaticMesh'/Game/_DJM/UCS/Clothing/Final/Hats/Hats/SM_F_Hat_A.SM_F_Hat_A'","0","0.000000","None","SkeletalMesh'/Game/_DJM/UCS/Clothing/Final/Hats/Hats/SK_F_Hat_A.SK_F_Hat_A'","Armor","Head","0","0","0","0","0"
cloth_hat_floppy_A_Female,"cloth_hat_floppy_A_Female","Floppy Hat Female","Floppy Hat Female","Common","Texture2D'/Game/_DJM/UCS/Clothing/Final/Hats/Hats/img_Hat_B_Female.img_Hat_B_Female'","Equipment","1","False","0","True","StaticMesh'/Game/_DJM/UCS/Clothing/Final/Hats/Hats/SM_F_Hat_B.SM_F_Hat_B'","0","0.000000","None","SkeletalMesh'/Game/_DJM/UCS/Clothing/Final/Hats/Hats/SK_F_Hat_B.SK_F_Hat_B'","Armor","Head","0","0","0","0","0"
cloth_hat_brim_A_Male,"cloth_hat_brim_A_Male","Wide Brim Hat Male","Wide Brim Hat Male","Common","Texture2D'/Game/_DJM/UCS/Clothing/Final/Hats/Hats/img_Hat_A_Male.img_Hat_A_Male'","Equipment","1","False","0","True","StaticMesh'/Game/_DJM/UCS/Clothing/Final/Hats/Hats/SM_M_Hat_A.SM_M_Hat_A'","0","0.000000","None","SkeletalMesh'/Game/_DJM/UCS/Clothing/Final/Hats/Hats/SK_M_Hat_A.SK_M_Hat_A'","Armor","Head","0","0","0","0","0"
cloth_hat_floppy_A_Male,"cloth_hat_floppy_A_Male","Floppy Hat Male","Floppy Hat Male","Common","Texture2D'/Game/_DJM/UCS/Clothing/Final/Hats/Hats/img_Hat_B_Male.img_Hat_B_Male'","Equipment","1","False","0","True","StaticMesh'/Game/_DJM/UCS/Clothing/Final/Hats/Hats/SM_M_Hat_B.SM_M_Hat_B'","0","0.000000","None","SkeletalMesh'/Game/_DJM/UCS/Clothing/Final/Hats/Hats/SK_M_Hat_B.SK_M_Hat_B'","Armor","Head","0","0","0","0","0"
cloth_hat_old_hood_Female,"cloth_hat_old_hood_Female","Old Hood Female","Old Hood Female","Common","Texture2D'/Game/_DJM/UCS/Clothing/Final/Hats/Old_Hood/img_OldHood_Female.img_OldHood_Female'","Equipment","1","False","0","True","StaticMesh'/Game/_DJM/UCS/Clothing/Final/Hats/Old_Hood/SM_F_OldHood.SM_F_OldHood'","0","0.000000","None","SkeletalMesh'/Game/_DJM/UCS/Clothing/Final/Hats/Old_Hood/SK_F_OldHood.SK_F_OldHood'","Armor","Head","0","0","0","0","0"
cloth_hat_old_hood_Male,"cloth_hat_old_hood_Male","Old Hood Male","Old Hood Female","Common","Texture2D'/Game/_DJM/UCS/Clothing/Final/Hats/Old_Hood/img_OldHood_Male.img_OldHood_Male'","Equipment","1","False","0","True","StaticMesh'/Game/_DJM/UCS/Clothing/Final/Hats/Old_Hood/SM_M_OldHood.SM_M_OldHood'","0","0.000000","None","SkeletalMesh'/Game/_DJM/UCS/Clothing/Final/Hats/Old_Hood/SK_M_OldHood.SK_M_OldHood'","Armor","Head","0","0","0","0","0"
cloth_hat_winter_beanie_Female,"cloth_hat_winter_beanie_Female","Winter Beanie Female","Winter Beanie Female","Common","Texture2D'/Game/_DJM/UCS/Clothing/Final/Hats/Winter_Cap/img_Hat_WinterBeanie_Female.img_Hat_WinterBeanie_Female'","Equipment","1","False","0","True","StaticMesh'/Game/_DJM/UCS/Clothing/Final/Hats/Winter_Cap/SM_F_Winter_Beanie.SM_F_Winter_Beanie'","0","0.000000","None","SkeletalMesh'/Game/_DJM/UCS/Clothing/Final/Hats/Winter_Cap/SK_F_Winter_Beanie.SK_F_Winter_Beanie'","Armor","Head","0","0","0","0","0"
cloth_hat_winter_beanie_Male,"cloth_hat_winter_beanie_Male","Winter Beanie Male","Winter Beanie Female","Common","Texture2D'/Game/_DJM/UCS/Clothing/Final/Hats/Winter_Cap/img_Hat_WinterBeanie_Male.img_Hat_WinterBeanie_Male'","Equipment","1","False","0","True","StaticMesh'/Game/_DJM/UCS/Clothing/Final/Hats/Winter_Cap/SM_M_Winter_Beanie.SM_M_Winter_Beanie'","0","0.000000","None","SkeletalMesh'/Game/_DJM/UCS/Clothing/Final/Hats/Winter_Cap/SK_M_Winter_Beanie.SK_M_Winter_Beanie'","Armor","Head","0","0","0","0","0"
cloth_shoes_basic_Female,"cloth_shoes_basic_Female","Basic Shoes Female","Basic Shoes Female","Common","Texture2D'/Game/_DJM/UCS/Clothing/Final/Shoes/BasicShoes/img_BasicShoes_F.img_BasicShoes_F'","Equipment","1","False","0","True","StaticMesh'/Game/_DJM/UCS/Clothing/Final/Shoes/BasicShoes/SM_F_Basic_Shoes.SM_F_Basic_Shoes'","0","0.000000","None","SkeletalMesh'/Game/_DJM/UCS/Clothing/Final/Shoes/BasicShoes/SK_F_Basic_Shoes.SK_F_Basic_Shoes'","Armor","Feet","0","0","0","0","0"
cloth_shoes_basic_Male,"cloth_shoes_basic_Male","Basic Shoes Male","Basic Shoes Male","Common","Texture2D'/Game/_DJM/UCS/Clothing/Final/Shoes/BasicShoes/img_BasicShoes_M.img_BasicShoes_M'","Equipment","1","False","0","True","StaticMesh'/Game/_DJM/UCS/Clothing/Final/Shoes/BasicShoes/SM_M_Basic_Shoes.SM_M_Basic_Shoes'","0","0.000000","None","SkeletalMesh'/Game/_DJM/UCS/Clothing/Final/Shoes/BasicShoes/SK_M_Basic_Shoes.SK_M_Basic_Shoes'","Armor","Feet","0","0","0","0","0"
cloth_shoes_slipon_Female,"cloth_shoes_slipon_Female","Slipon Shoes Female","Slipon Shoes Female","Common","Texture2D'/Game/_DJM/UCS/Clothing/Final/Shoes/img_Shoes_slipon_F.img_Shoes_slipon_F'","Equipment","1","False","0","True","StaticMesh'/Game/_DJM/UCS/Clothing/Final/Shoes/SM_F_SlipOnShoes.SM_F_SlipOnShoes'","0","0.000000","None","SkeletalMesh'/Game/_DJM/UCS/Clothing/Final/Shoes/SK_F_SlipOnShoes.SK_F_SlipOnShoes'","Armor","Feet","0","0","0","0","0"
cloth_shoes_slipon_Male,"cloth_shoes_slipon_Male","Slipon Shoes Male","Slipon Shoes Male","Common","Texture2D'/Game/_DJM/UCS/Clothing/Final/Shoes/img_Shoes_slipon_M.img_Shoes_slipon_M'","Equipment","1","False","0","True","StaticMesh'/Game/_DJM/UCS/Clothing/Final/Shoes/SM_M_SlipOnShoes.SM_M_SlipOnShoes'","0","0.000000","None","SkeletalMesh'/Game/_DJM/UCS/Clothing/Final/Shoes/SK_M_SlipOnShoes.SK_M_SlipOnShoes'","Armor","Feet","0","0","0","0","0"
cloth_shoes_boots_Female,"cloth_shoes_boots_Female","Boots Female","Boots Female","Common","Texture2D'/Game/_DJM/UCS/Clothing/Final/Shoes/Boots/imf_boots_female.imf_boots_female'","Equipment","1","False","0","True","StaticMesh'/Game/_DJM/UCS/Clothing/Final/Shoes/Boots/SM_Boots_Female.SM_Boots_Female'","0","0.000000","None","SkeletalMesh'/Game/_DJM/UCS/Clothing/Final/Shoes/Boots/SK_Boots_Female.SK_Boots_Female'","Armor","Feet","0","0","0","0","0"
cloth_shoes_boots_Male,"cloth_shoes_boots_Male","Boots Male","Boots Male","Common","Texture2D'/Game/_DJM/UCS/Clothing/Final/Shoes/Boots/imf_boots_male.imf_boots_male'","Equipment","1","False","0","True","StaticMesh'/Game/_DJM/UCS/Clothing/Final/Shoes/Boots/SM_Boots_Male.SM_Boots_Male'","0","0.000000","None","SkeletalMesh'/Game/_DJM/UCS/Clothing/Final/Shoes/Boots/SK_Boots_Male.SK_Boots_Male'","Armor","Feet","0","0","0","0","0"
cloth_shoes_wraps_Female,"cloth_shoes_wraps_Female","Foot wraps Female","Foot wraps Female","Common","Texture2D'/Game/_DJM/UCS/Clothing/Final/Shoes/Wraps/img_FootWraps_F.img_FootWraps_F'","Equipment","1","False","0","True","StaticMesh'/Game/_DJM/UCS/Clothing/Final/Shoes/Wraps/SM_F_FootWraps.SM_F_FootWraps'","0","0.000000","None","SkeletalMesh'/Game/_DJM/UCS/Clothing/Final/Shoes/Wraps/SK_F_FootWraps.SK_F_FootWraps'","Armor","Feet","0","0","0","0","0"
cloth_shoes_wraps_Male,"cloth_shoes_wraps_Male","Foot wraps Male","Foot wraps Female","Common","Texture2D'/Game/_DJM/UCS/Clothing/Final/Shoes/Wraps/img_Shoes_wraps_M.img_Shoes_wraps_M'","Equipment","1","False","0","True","StaticMesh'/Game/_DJM/UCS/Clothing/Final/Shoes/Wraps/SM_M_FootWraps.SM_M_FootWraps'","0","0.000000","None","SkeletalMesh'/Game/_DJM/UCS/Clothing/Final/Shoes/Wraps/SK_M_FootWraps.SK_M_FootWraps'","Armor","Feet","0","0","0","0","0"
cloth_chest_tshirt_longsleeve_F,"cloth_chest_tshirt_longsleeve_F","TShirt Longsleeve Female","TShirt Longsleeve Female","Common","Texture2D'/Game/_DJM/UCS/Clothing/Final/Top/T-Shirts/LongSleeves/img_TShirt_Longsleeves_Female.img_TShirt_Longsleeves_Female'","Equipment","1","False","0","True","StaticMesh'/Game/_DJM/UCS/Clothing/Final/Top/T-Shirts/LongSleeves/SM_F_Longsleeves_TShirt.SM_F_Longsleeves_TShirt'","0","0.000000","None","SkeletalMesh'/Game/_DJM/UCS/Clothing/Final/Top/T-Shirts/LongSleeves/SK_F_Longsleeves_TShirt.SK_F_Longsleeves_TShirt'","Armor","Chest","0","2","0","0","0"
cloth_chest_tshirt_longsleeve_M,"cloth_chest_tshirt_longsleeve_M","TShirt Longsleeve Male","TShirt Longsleeve Male","Common","Texture2D'/Game/_DJM/UCS/Clothing/Final/Top/T-Shirts/LongSleeves/img_TShirt_Longsleeves_Male.img_TShirt_Longsleeves_Male'","Equipment","1","False","0","True","StaticMesh'/Game/_DJM/UCS/Clothing/Final/Top/T-Shirts/LongSleeves/SM_M_Longsleeves_TShirt.SM_M_Longsleeves_TShirt'","0","0.000000","None","SkeletalMesh'/Game/_DJM/UCS/Clothing/Final/Top/T-Shirts/LongSleeves/SK_M_Longsleeves_TShirt.SK_M_Longsleeves_TShirt'","Armor","Chest","0","2","0","0","0"
cloth_chest_tshirt_shortsleeve_F,"cloth_chest_tshirt_shortsleeve_F","TShirt Shortsleeve Female","TShirt Shortsleeve Female","Common","Texture2D'/Game/_DJM/UCS/Clothing/Final/Top/T-Shirts/ShortSleeves/img_Tshirt_shortsleeves_Female.img_Tshirt_shortsleeves_Female'","Equipment","1","False","0","True","StaticMesh'/Game/_DJM/UCS/Clothing/Final/Top/T-Shirts/ShortSleeves/SM_F_Tshirt_Shortsleeves.SM_F_Tshirt_Shortsleeves'","0","0.000000","None","SkeletalMesh'/Game/_DJM/UCS/Clothing/Final/Top/T-Shirts/ShortSleeves/SK_F_TShirt_Shortsleeves.SK_F_TShirt_Shortsleeves'","Armor","Chest","0","2","0","0","0"
cloth_chest_tshirt_shortsleeve_M,"cloth_chest_tshirt_shortsleeve_M","TShirt Shortsleeve Male","TShirt Shortsleeve Female","Common","Texture2D'/Game/_DJM/UCS/Clothing/Final/Top/T-Shirts/ShortSleeves/img_Tshirt_shortsleeves_Male.img_Tshirt_shortsleeves_Male'","Equipment","1","False","0","True","StaticMesh'/Game/_DJM/UCS/Clothing/Final/Top/T-Shirts/ShortSleeves/SM_M_Tshirt_Shortsleeves.SM_M_Tshirt_Shortsleeves'","0","0.000000","None","SkeletalMesh'/Game/_DJM/UCS/Clothing/Final/Top/T-Shirts/ShortSleeves/SK_M_TShirt_Shortsleeves.SK_M_TShirt_Shortsleeves'","Armor","Chest","0","2","0","0","0"
cloth_chest_tshirt_sleeveless_F,"cloth_chest_tshirt_sleeveless_F","TShirt Sleeveless Female","TShirt Shortsleeve Female","Common","Texture2D'/Game/_DJM/UCS/Clothing/Final/Top/T-Shirts/Sleeveless/img_TShirt_Sleeveless_Female.img_TShirt_Sleeveless_Female'","Equipment","1","False","0","True","StaticMesh'/Game/_DJM/UCS/Clothing/Final/Top/T-Shirts/Sleeveless/SM_F_Sleeveless_TShirt.SM_F_Sleeveless_TShirt'","0","0.000000","None","SkeletalMesh'/Game/_DJM/UCS/Clothing/Final/Top/T-Shirts/Sleeveless/SK_F_Sleeveless_TShirt.SK_F_Sleeveless_TShirt'","Armor","Chest","0","2","0","0","0"
cloth_chest_tshirt_sleeveless_M,"cloth_chest_tshirt_sleeveless_M","TShirt Sleeveless Male","TShirt Shortsleeve Male","Common","Texture2D'/Game/_DJM/UCS/Clothing/Final/Top/T-Shirts/Sleeveless/img_TShirt_Sleeveless_Male.img_TShirt_Sleeveless_Male'","Equipment","1","False","0","True","StaticMesh'/Game/_DJM/UCS/Clothing/Final/Top/T-Shirts/Sleeveless/SM_M_Sleeveless_TShirt.SM_M_Sleeveless_TShirt'","0","0.000000","None","SkeletalMesh'/Game/_DJM/UCS/Clothing/Final/Top/T-Shirts/Sleeveless/SK_M_Sleeveless_TShirt.SK_M_Sleeveless_TShirt'","Armor","Chest","0","2","0","0","0"
cloth_chest_training_robes_F,"cloth_chest_training_robes_F","Training Robes Female","Training Robes Female","Common","Texture2D'/Game/_DJM/UCS/Clothing/Final/Top/Training_Robes/img_OldRobes_Female.img_OldRobes_Female'","Equipment","1","False","0","True","StaticMesh'/Game/_DJM/UCS/Clothing/Final/Top/Training_Robes/SM_F_OldRobes.SM_F_OldRobes'","0","0.000000","None","SkeletalMesh'/Game/_DJM/UCS/Clothing/Final/Top/Training_Robes/SK_F_OldRobes.SK_F_OldRobes'","Armor","Chest","0","2","0","0","0"
cloth_chest_training_robes_M,"cloth_chest_training_robes_M","Training Robes Male","Training Robes Male","Common","Texture2D'/Game/_DJM/UCS/Clothing/Final/Top/Training_Robes/img_OldRobes_Male.img_OldRobes_Male'","Equipment","1","False","0","True","StaticMesh'/Game/_DJM/UCS/Clothing/Final/Top/Training_Robes/SM_M_OldRobes.SM_M_OldRobes'","0","0.000000","None","SkeletalMesh'/Game/_DJM/UCS/Clothing/Final/Top/Training_Robes/SK_M_OldRobes.SK_M_OldRobes'","Armor","Chest","0","2","0","0","0"
cloth_pants_short_tropical,"cloth_pants_short_tropical","Tropical Female Shorts","Basic Female Shorts","Common","Texture2D'/Game/_DJM/UCS/Clothing/Final/Bottom/Shorts/img_Pants_Short_Tropical_Female.img_Pants_Short_Tropical_Female'","Equipment","1","False","0","False","StaticMesh'/Game/_DJM/UCS/Clothing/Final/Bottom/Shorts/SM_F_ShortsTropical.SM_F_ShortsTropical'","0","0.000000","None","SkeletalMesh'/Game/_DJM/UCS/Clothing/Final/Bottom/Shorts/SK_F_ShortsTropical.SK_F_ShortsTropical'","Armor","Legs","0","0","0","0","0"
cynthias_fathers_pick,"cynthias_fathers_pick","cynthias_fathers_pick","cynthias fathers pick","Poor","Texture2D'/Game/_DJM/pickups/Textures/mushroom01.mushroom01'","Miscellaneous","1","False","0","False","StaticMesh'/Game/_DJM/pickups/djm_mushroom/mushroom02.mushroom02'","0","0.000000","None","SkeletalMesh'/Game/_DJM/InventorySystem/Items/Weapons/Meshes/SK_Weapon_Simple_Axe.SK_Weapon_Simple_Axe'","Weapon","Hands","0","0","0","0","0"
wood_stick_hardwood,"wood_stick_hardwood","Wood Stick - Hardwood","Hardwood stick","Common","Texture2D'/Game/_DJM/InventorySystem/Items/z_djm_items/wood/img_wood_stick_short_med.img_wood_stick_short_med'","Miscellaneous","1","True","100","True","StaticMesh'/Game/_DJM/InventorySystem/Items/z_djm_items/wood/SM_wood_hardwood_stick.SM_wood_hardwood_stick'","0","0.000000","None","SkeletalMesh'/Game/_DJM/InventorySystem/Items/z_djm_items/wood/SK_wood_stick_short.SK_wood_stick_short'","Weapon","Main-Hand","3","0","0","0","0"
pickup_gem_white,"pickup_gem_white","White Gem","White Gem - very hot","Rare","Texture2D'/Game/_DJM/pickups/Textures/gem_pickup_white.gem_pickup_white'","Miscellaneous","1","True","99","True","StaticMesh'/Game/_DJM/InventorySystem/Items/z_djm_items/gems/SM_Gem_round02.SM_Gem_round02'","0","0.000000","None","SkeletalMesh'/Game/_DJM/InventorySystem/Items/z_djm_items/gems/gem_round02.gem_round02'","Armor","Head","0","0","0","0","0"
bar_copper,"bar_copper","Copper Bar","A bar of copper","Common","Texture2D'/Game/_DJM/InventorySystem/Items/z_djm_items/mining/img_mining_bar_copper.img_mining_bar_copper'","Miscellaneous","1","True","99","True","StaticMesh'/Game/_DJM/InventorySystem/Items/z_djm_items/mining/mining_bar_copper02.mining_bar_copper02'","0","0.000000","None","None","Miscellaneous","Off-Hand","0","0","0","0","0"
bar_iron,"bar_iron","Copper Bar","A bar of Iron","Common","Texture2D'/Game/_DJM/InventorySystem/Items/z_djm_items/mining/img_mining_bar_silver.img_mining_bar_silver'","Miscellaneous","1","True","99","True","StaticMesh'/Game/_DJM/InventorySystem/Items/z_djm_items/mining/mining_bar_silver01.mining_bar_silver01'","0","0.000000","None","None","Miscellaneous","Off-Hand","0","0","0","0","0"
bar_gold,"bar_gold","Gold Bar","A bar of gold","Common","Texture2D'/Game/_DJM/InventorySystem/Items/z_djm_items/mining/img_mining_bar_gold.img_mining_bar_gold'","Miscellaneous","1","True","99","True","StaticMesh'/Game/_DJM/InventorySystem/Items/z_djm_items/mining/mining_bar_gold01.mining_bar_gold01'","0","0.000000","None","None","Miscellaneous","Off-Hand","0","0","0","0","0"
bar_silver,"bar_silver","Silver Bar","A bar of Silver","Uncommon","Texture2D'/Game/_DJM/InventorySystem/Items/z_djm_items/mining/img_mining_bar_silver.img_mining_bar_silver'","Miscellaneous","1","True","99","True","StaticMesh'/Game/_DJM/InventorySystem/Items/z_djm_items/mining/mining_bar_silver01.mining_bar_silver01'","0","0.000000","None","None","Miscellaneous","Off-Hand","0","0","0","0","0"
ore_copper,"ore_copper","Copper Ore","","Common","Texture2D'/Game/_DJM/InventorySystem/Items/z_djm_items/mining/img_ore_copper.img_ore_copper'","Miscellaneous","1","True","99","True","StaticMesh'/Game/_DJM/InventorySystem/Items/z_djm_items/mining/SM_ore_copper.SM_ore_copper'","0","0.000000","None","None","Miscellaneous","Main-Hand","0","0","0","0","0"
ore_iron,"ore_iron","Iron Ore","","Common","Texture2D'/Game/_DJM/InventorySystem/Items/z_djm_items/mining/img_ore_iron.img_ore_iron'","Miscellaneous","1","True","99","True","StaticMesh'/Game/_DJM/InventorySystem/Items/z_djm_items/mining/SM_ore_iron.SM_ore_iron'","0","0.000000","None","None","Miscellaneous","Main-Hand","0","0","0","0","0"
ore_gold,"ore_iron","Gold Ore","Gold ore found by mining","Common","Texture2D'/Game/_DJM/InventorySystem/Items/z_djm_items/mining/img_ore_gold.img_ore_gold'","Miscellaneous","1","True","99","True","StaticMesh'/Game/_DJM/InventorySystem/Items/z_djm_items/mining/SM_ore_gold.SM_ore_gold'","0","0.000000","None","None","Miscellaneous","Main-Hand","0","0","0","0","0"
wood_plank_pine,"wood_plank_pine","Wooden Plank - Pine","Pine wooden planks","Common","Texture2D'/Game/_DJM/InventorySystem/Items/z_djm_items/wood/img_wood_plank_pine.img_wood_plank_pine'","Miscellaneous","1","True","999","True","StaticMesh'/Game/_DJM/InventorySystem/Items/z_djm_items/wood/SM_wood_plank_pine02.SM_wood_plank_pine02'","0","0.000000","None","None","Miscellaneous","Main-Hand","0","0","0","0","0"
wood_plank_oak,"wood_plank_oak","Wooden Plank - Oak","Oak wooden planks","Common","Texture2D'/Game/_DJM/InventorySystem/Items/z_djm_items/wood/img_wood_plank_oak.img_wood_plank_oak'","Miscellaneous","1","True","999","True","StaticMesh'/Game/_DJM/InventorySystem/Items/z_djm_items/wood/SM_wood_plank_oak.SM_wood_plank_oak'","0","0.000000","None","None","Miscellaneous","Main-Hand","0","0","0","0","0"
wood_plank_cedar,"wood_plank_cedar","Wooden Plank - Cedar","Oak wooden planks","Common","Texture2D'/Game/_DJM/InventorySystem/Items/z_djm_items/wood/img_wood_plank_cedar.img_wood_plank_cedar'","Miscellaneous","1","True","999","True","StaticMesh'/Game/_DJM/InventorySystem/Items/z_djm_items/wood/SM_wood_plank_cedar.SM_wood_plank_cedar'","0","0.000000","None","None","Miscellaneous","Main-Hand","0","0","0","0","0"
seed_red,"seed_red","Seeds - common red","Common red seeds","Common","Texture2D'/Game/_DJM/farming/Textures/img_farm_seed_red.img_farm_seed_red'","Miscellaneous","6","True","9999","True","StaticMesh'/Game/_DJM/farming/Meshes/SM_Seed_base.SM_Seed_base'","0","0.000000","None","SkeletalMesh'/Game/_DJM/farming/Meshes/seed01.seed01'","Armor","Head","0","0","0","0","0"
seed_blue,"seed_blue","Seeds - common blue","Common blue seeds","Common","Texture2D'/Game/_DJM/farming/Textures/img_farm_seed_blue.img_farm_seed_blue'","Miscellaneous","6","True","9999","True","StaticMesh'/Game/_DJM/farming/Meshes/SM_Seed_blue.SM_Seed_blue'","0","0.000000","None","SkeletalMesh'/Game/_DJM/farming/Meshes/seed01.seed01'","Armor","Head","0","0","0","0","0"
seed_green,"seed_green","Seeds - common green","Common green seeds","Common","Texture2D'/Game/_DJM/farming/Textures/img_farm_seed_green.img_farm_seed_green'","Miscellaneous","6","True","9999","True","StaticMesh'/Game/_DJM/farming/Meshes/SM_Seed_green.SM_Seed_green'","0","0.000000","None","SkeletalMesh'/Game/_DJM/farming/Meshes/seed01.seed01'","Armor","Head","0","0","0","0","0"
food_bread_sourdough,"food_bread_sourdough","Sourdough Bread","A loaf of bread","Common","Texture2D'/Game/_DJM/farming/Textures/img_Food_Bread_Loaf_Sourdough.img_Food_Bread_Loaf_Sourdough'","Miscellaneous","1","True","99","True","StaticMesh'/Game/_DJM/farming/Meshes/Food_Bread_Loaf_Sourdough_01.Food_Bread_Loaf_Sourdough_01'","0","0.000000","None","None","Armor","Head","0","0","0","0","0"
Food_Bread_Pizza_Slice,"Food_Bread_Pizza_Slice","Pizza","Slice of Pizza","Common","Texture2D'/Game/_DJM/farming/Textures/Food_Bread_Pizza_Slice.Food_Bread_Pizza_Slice'","Miscellaneous","1","True","99","True","StaticMesh'/Game/_DJM/farming/Meshes/Food_Bread_Pizza_01_Slice_04.Food_Bread_Pizza_01_Slice_04'","10","0.000000","None","None","Armor","Head","0","0","0","0","0"
Food_Fruit_Apple,"Food_Fruit_Apple","Apple","another apple","Common","Texture2D'/Game/_DJM/farming/Textures/Food_Fruit_Apple.Food_Fruit_Apple'","Miscellaneous","1","True","99","True","StaticMesh'/Game/_DJM/farming/Meshes/Food_Fruit_Apple_01.Food_Fruit_Apple_01'","10","0.000000","None","None","Armor","Head","0","0","0","0","0"
Food_Fruit_Banana,"Food_Fruit_Banana","Banana","Banana","Common","Texture2D'/Game/_DJM/farming/Textures/Food_Fruit_Banana.Food_Fruit_Banana'","Miscellaneous","1","True","99","True","StaticMesh'/Game/_DJM/farming/Meshes/Food_Fruit_Banana_01.Food_Fruit_Banana_01'","10","0.000000","None","None","Armor","Head","0","0","0","0","0"
Food_Fruit_Lemon,"Food_Fruit_Lemon","Lemon","Lemon","Common","Texture2D'/Game/_DJM/farming/Textures/Food_Fruit_Lemon.Food_Fruit_Lemon'","Miscellaneous","1","True","99","True","StaticMesh'/Game/_DJM/farming/Meshes/Food_Fruit_Lemon_01.Food_Fruit_Lemon_01'","10","0.000000","None","None","Armor","Head","0","0","0","0","0"
Food_Fruit_Mandarin,"Food_Fruit_Mandarin","Mandarin","Mandarin","Common","Texture2D'/Game/_DJM/farming/Textures/Food_Fruit_Mandarin.Food_Fruit_Mandarin'","Miscellaneous","1","True","99","True","StaticMesh'/Game/_DJM/farming/Meshes/Food_Fruit_Mandarin_01.Food_Fruit_Mandarin_01'","10","0.000000","None","None","Armor","Head","0","0","0","0","0"
Food_Fruit_Peach,"Food_Fruit_Peach","Peach","Peach","Common","Texture2D'/Game/_DJM/farming/Textures/Food_Fruit_Peach.Food_Fruit_Peach'","Miscellaneous","1","True","99","True","StaticMesh'/Game/_DJM/farming/Meshes/Food_Fruit_Peach_01.Food_Fruit_Peach_01'","10","0.000000","None","None","Armor","Head","0","0","0","0","0"
Food_Fruit_Pineapple,"Food_Fruit_Pineapple","Pineapple","Pineapple","Common","Texture2D'/Game/_DJM/farming/Textures/Food_Fruit_Pineapple.Food_Fruit_Pineapple'","Miscellaneous","1","True","99","True","StaticMesh'/Game/_DJM/farming/Meshes/Food_Fruit_Pineapple_01.Food_Fruit_Pineapple_01'","10","0.000000","None","None","Armor","Head","0","0","0","0","0"
Food_Veg_Pumpkin,"Food_Veg_Pumpkin","Pumpkin","Pumpkin","Common","Texture2D'/Game/_DJM/farming/Textures/Food_Vege_Pumpkin.Food_Vege_Pumpkin'","Miscellaneous","1","True","99","True","StaticMesh'/Game/_DJM/farming/Meshes/Food_Veg_Pumpkin_01.Food_Veg_Pumpkin_01'","10","0.000000","None","None","Armor","Head","0","0","0","0","0"
Food_Fruit_Tomato,"Food_Fruit_Tomato","Tomato","Tomato","Common","Texture2D'/Game/_DJM/farming/Textures/Food_Vege_Tomato.Food_Vege_Tomato'","Miscellaneous","1","True","99","True","StaticMesh'/Game/_DJM/farming/Meshes/Food_Fruit_Tomato_01.Food_Fruit_Tomato_01'","10","0.000000","None","None","Armor","Head","0","0","0","0","0"
Food_Fruit_Watermelon,"Food_Fruit_Watermelon","Watermelon","Watermelon","Common","Texture2D'/Game/_DJM/farming/Textures/Food_Fruit_Watermelon.Food_Fruit_Watermelon'","Miscellaneous","1","True","99","True","StaticMesh'/Game/_DJM/farming/Meshes/Food_Fruit_Watermelon_01.Food_Fruit_Watermelon_01'","10","0.000000","None","None","Armor","Head","0","0","0","0","0"
Food_Veg_Garlic,"Food_Veg_Garlic","Garlic","Garlic","Common","Texture2D'/Game/_DJM/farming/Textures/Food_Root_Garlic.Food_Root_Garlic'","Miscellaneous","1","True","99","True","StaticMesh'/Game/_DJM/farming/Meshes/Food_Veg_Garlic_01.Food_Veg_Garlic_01'","10","0.000000","None","None","Armor","Head","0","0","0","0","0"
Food_Veg_Potato,"Food_Veg_Potato","Potato","Potato","Common","Texture2D'/Game/_DJM/farming/Textures/Food_Root_Potato.Food_Root_Potato'","Miscellaneous","1","True","99","True","StaticMesh'/Game/_DJM/farming/Meshes/Food_Veg_Potato_01.Food_Veg_Potato_01'","10","0.000000","None","None","Armor","Head","0","0","0","0","0"
Food_Veg_Cabbage,"Food_Veg_Cabbage","Cabbage","Cabbage","Common","Texture2D'/Game/_DJM/farming/Textures/Food_Vege_Cabbage.Food_Vege_Cabbage'","Miscellaneous","1","True","99","True","StaticMesh'/Game/_DJM/farming/Meshes/Food_Veg_Cabbage_01.Food_Veg_Cabbage_01'","10","0.000000","None","None","Armor","Head","0","0","0","0","0"
Food_Veg_Carrot,"Food_Veg_Carrot","Carrot","Carrot","Common","Texture2D'/Game/_DJM/farming/Textures/Food_Vege_Carrot.Food_Vege_Carrot'","Miscellaneous","1","True","99","True","StaticMesh'/Game/_DJM/farming/Meshes/Food_Veg_Carrot_02.Food_Veg_Carrot_02'","10","0.000000","None","None","Armor","Head","0","0","0","0","0"
Food_Veg_Cauliflower,"Food_Veg_Cauliflower","Cauliflower","Cauliflower","Common","Texture2D'/Game/_DJM/farming/Textures/Food_Vege_Cauliflower.Food_Vege_Cauliflower'","Miscellaneous","1","True","99","True","StaticMesh'/Game/_DJM/farming/Meshes/Food_Veg_Cauliflower_01.Food_Veg_Cauliflower_01'","10","0.000000","None","None","Armor","Head","0","0","0","0","0"
Food_Veg_Corn,"Food_Veg_Corn","Corn","Corn on the cob","Common","Texture2D'/Game/_DJM/farming/Textures/Food_Vege_Corn.Food_Vege_Corn'","Miscellaneous","1","True","99","True","StaticMesh'/Game/_DJM/farming/Meshes/Food_Veg_Corn_01.Food_Veg_Corn_01'","10","0.000000","None","None","Armor","Head","0","0","0","0","0"
Food_Veg_Onion,"Food_Veg_Onion","Onion","Onion","Common","Texture2D'/Game/_DJM/farming/Textures/Food_Vege_Onion.Food_Vege_Onion'","Miscellaneous","1","True","99","True","StaticMesh'/Game/_DJM/farming/Meshes/Food_Veg_Onion_Yellow_01.Food_Veg_Onion_Yellow_01'","10","0.000000","None","None","Armor","Head","0","0","0","0","0"
Tool_Hammer_Basic,"Tool_Hammer_Basic","Basic Hammer","","Common","Texture2D'/Game/_DJM/farming/Textures/Tool_hammer.Tool_hammer'","Equipment","1","False","0","True","StaticMesh'/Game/_DJM/farming/Meshes/SM_tool_hammer.SM_tool_hammer'","0","0.000000","None","SkeletalMesh'/Game/_DJM/farming/Meshes/tool_hammer_epic_FF_.tool_hammer_epic_FF_'","Weapon","Main-Hand","14","0","2","1","0"
Tool_Hoe_Basic,"Tool_Hoe_Basic","Basic Hoe","","Common","Texture2D'/Game/_DJM/farming/Textures/Tool_Hoe.Tool_Hoe'","Equipment","1","False","0","True","StaticMesh'/Game/_DJM/farming/Meshes/SM_hoe.SM_hoe'","0","0.000000","None","SkeletalMesh'/Game/_DJM/farming/Meshes/tool_hoe_via_epic02.tool_hoe_via_epic02'","Weapon","Main-Hand","14","0","2","1","0"
Tool_Axe_Basic,"Tool_Axe_Basic","Basic Hoe","","Common","Texture2D'/Game/_DJM/farming/Textures/Tool_axe.Tool_axe'","Equipment","1","False","0","True","StaticMesh'/Game/_DJM/farming/Meshes/SM_Tool_Axe.SM_Tool_Axe'","0","0.000000","None","SkeletalMesh'/Game/_DJM/farming/Meshes/tool_axe01.tool_axe01'","Weapon","Main-Hand","14","0","2","1","0"
Tool_Pickaxe_Basic,"Tool_Pickaxe_Basic","Basic Pickaxe","","Common","Texture2D'/Game/_DJM/farming/Meshes/Textures/img_tool_pickaxe.img_tool_pickaxe'","Equipment","1","False","0","True","StaticMesh'/Game/_DJM/farming/Meshes/SM_tool_pickaxe.SM_tool_pickaxe'","0","0.000000","None","SkeletalMesh'/Game/_DJM/farming/Meshes/tool_pickaxe02.tool_pickaxe02'","Weapon","Main-Hand","14","0","2","1","0"
Tool_Shovel_Basic,"Tool_Shovel_Basic","Basic Shovel","","Common","Texture2D'/Game/_DJM/farming/Textures/Tool_shovel.Tool_shovel'","Equipment","1","False","0","True","StaticMesh'/Game/_DJM/farming/Meshes/SM_tool_shovel.SM_tool_shovel'","0","0.000000","None","SkeletalMesh'/Game/_DJM/farming/Meshes/tool_shovel_FF_epic.tool_shovel_FF_epic'","Weapon","Main-Hand","14","0","2","1","0"
dirt_mound,"dirt_mound","Dirt","Mound of Dirt","Poor","Texture2D'/Game/_DJM/farming/Textures/T_Dirt_Mound_dry.T_Dirt_Mound_dry'","Miscellaneous","1","True","99","True","StaticMesh'/Game/_DJM/farming/Meshes/SM_Dirt_Mound_A.SM_Dirt_Mound_A'","0","0.000000","None","None","Armor","Head","0","0","0","0","0"
furn_table_oak,"furn_table_oak","Oak Table","Simple Oak Table","Common","Texture2D'/Game/_DJM/InventorySystem/Environment/Textures/img_table_oak.img_table_oak'","Miscellaneous","1","False","0","True","StaticMesh'/Game/_DJM/InventorySystem/Environment/Meshes/SM_Wooden_Table_Oak.SM_Wooden_Table_Oak'","0","0.000000","None","None","Armor","Head","0","0","0","0","0"
furn_table_pine,"furn_table_pine","Pine Table","Simple Pine Table","Common","Texture2D'/Game/_DJM/InventorySystem/Environment/Textures/img_table_pine.img_table_pine'","Miscellaneous","1","False","0","True","StaticMesh'/Game/_DJM/InventorySystem/Environment/Meshes/SM_Wooden_Table_Pine.SM_Wooden_Table_Pine'","0","0.000000","None","None","Armor","Head","0","0","0","0","0"
furn_table_cedar,"furn_table_cedar","Cedar Table","Simple Cedar Table","Common","Texture2D'/Game/_DJM/InventorySystem/Environment/Textures/img_table_cedar.img_table_cedar'","Miscellaneous","1","False","0","True","StaticMesh'/Game/_DJM/InventorySystem/Environment/Meshes/SM_Wooden_Table_Cedar.SM_Wooden_Table_Cedar'","0","0.000000","None","None","Armor","Head","0","0","0","0","0"
furn_shelf_pine,"furn_shelf_pine","shelf_pine","Pine Shelf","Common","Texture2D'/Game/_DJM/InventorySystem/Environment/Textures/img_shelf_pine.img_shelf_pine'","Miscellaneous","1","False","0","True","StaticMesh'/Game/_DJM/crafting/Meshes/shelf_small_02.shelf_small_02'","0","0.000000","None","None","Armor","Head","0","0","0","0","0"
furn_shelf_oak,"furn_shelf_oak","shelf_oak","Oak Shelf","Common","Texture2D'/Game/_DJM/InventorySystem/Environment/Textures/img_shelf_oak.img_shelf_oak'","Miscellaneous","1","False","0","True","StaticMesh'/Game/_DJM/crafting/Meshes/shelf_small_oak.shelf_small_oak'","0","0.000000","None","None","Armor","Head","0","0","0","0","0"
furn_shelf_cedar,"furn_shelf_cedar","shelf_cedar","Cedar Shelf","Common","Texture2D'/Game/_DJM/InventorySystem/Environment/Textures/img_shelf_cedar.img_shelf_cedar'","Miscellaneous","1","False","0","True","StaticMesh'/Game/_DJM/crafting/Meshes/shelf_small_cedar.shelf_small_cedar'","0","0.000000","None","None","Armor","Head","0","0","0","0","0"
furn_chair_oak,"furn_chair_oak","Oak Chair","A nice Oak Chair","Common","Texture2D'/Game/_DJM/InventorySystem/Environment/Textures/img_chair_oak.img_chair_oak'","Miscellaneous","1","False","0","True","StaticMesh'/Game/_DJM/crafting/Meshes/SM_chair_oak.SM_chair_oak'","0","0.000000","None","None","Armor","Head","0","0","0","0","0"
furn_chair_pine,"furn_chair_pine","Pine Chair","A nice Pine Chair","Common","Texture2D'/Game/_DJM/InventorySystem/Environment/Textures/img_chair_pine.img_chair_pine'","Miscellaneous","1","False","0","True","StaticMesh'/Game/_DJM/crafting/Meshes/SM_chair_pine.SM_chair_pine'","0","0.000000","None","None","Armor","Head","0","0","0","0","0"
furn_chair_cedar,"furn_chair_cedar","Cedar Chair","A nice Cedar Chair","Common","Texture2D'/Game/_DJM/InventorySystem/Environment/Textures/img_chair_cedar.img_chair_cedar'","Miscellaneous","1","False","0","True","StaticMesh'/Game/_DJM/crafting/Meshes/SM_chair_cedar.SM_chair_cedar'","0","0.000000","None","None","Armor","Head","0","0","0","0","0"
jar_empty,"jar_empty","Empty Jar","Just a jar","Common","Texture2D'/Game/_DJM/crafting/Textures/img_jar_empty.img_jar_empty'","Miscellaneous","1","True","99","True","StaticMesh'/Game/_DJM/crafting/Meshes/SM_jar.SM_jar'","0","0.000000","None","None","Armor","Head","0","0","0","0","0"
jar_blue,"jar_blue","Jar of Blue food","Jar fill with Epic quality stuff","Rare","Texture2D'/Game/_DJM/crafting/Textures/img_jar_blue.img_jar_blue'","Miscellaneous","1","True","99","True","StaticMesh'/Game/_DJM/crafting/Meshes/SM_jar_blue.SM_jar_blue'","0","0.000000","None","None","Armor","Head","0","0","0","0","0"
jar_common,"jar_common","Jar of Common food","Jar fill with normal quality stuff","Common","Texture2D'/Game/_DJM/crafting/Textures/img_jar_gold.img_jar_gold'","Miscellaneous","1","True","99","True","StaticMesh'/Game/_DJM/crafting/Meshes/SM_jar_gold.SM_jar_gold'","0","0.000000","None","None","Armor","Head","0","0","0","0","0"
jar_epic,"jar_epic","Jar of Epic Food","Jar fill with Epic quality stuff","Epic","Texture2D'/Game/_DJM/crafting/Textures/img_jar_purple.img_jar_purple'","Miscellaneous","1","True","99","True","StaticMesh'/Game/_DJM/crafting/Meshes/SM_jar_purple.SM_jar_purple'","0","0.000000","None","None","Armor","Head","0","0","0","0","0"
jar_legend,"jar_epic","Jar of Legendary food","Jar fill with Legendary quality stuff","Legendary","Texture2D'/Game/_DJM/crafting/Textures/img_jar_legend.img_jar_legend'","Miscellaneous","1","True","99","True","StaticMesh'/Game/_DJM/crafting/Meshes/SM_jar_legend.SM_jar_legend'","0","0.000000","None","None","Armor","Head","0","0","0","0","0"
jar_uncommon,"jar_uncommon","Jar of Uncommon food","Jar fill with uncommon quality stuff","Uncommon","Texture2D'/Game/_DJM/crafting/Textures/img_jar_green.img_jar_green'","Miscellaneous","1","True","99","True","StaticMesh'/Game/_DJM/crafting/Meshes/SM_jar_green.SM_jar_green'","0","0.000000","None","None","Armor","Head","0","0","0","0","0"
bottle_tall_empty,"bottle_tall_empty","Empty Bottle","An empty bottle for making stuff with","Common","Texture2D'/Game/_DJM/crafting/Textures/img_bottle_empty.img_bottle_empty'","Miscellaneous","1","True","99","True","StaticMesh'/Game/_DJM/crafting/Meshes/SM_bottle_chem_tall.SM_bottle_chem_tall'","0","0.000000","None","None","Armor","Head","0","0","0","0","0"
bottle_short,"bottle_short","Short Bottle","A short bottle - good for spices, or potions","Common","Texture2D'/Game/_DJM/crafting/Textures/img_bottle_short.img_bottle_short'","Miscellaneous","1","True","99","True","StaticMesh'/Game/_DJM/crafting/Meshes/SM_bottle_chem_short.SM_bottle_chem_short'","0","0.000000","None","None","Armor","Head","0","0","0","0","0"
book,"book","book","A closed book","Common","Texture2D'/Game/_DJM/crafting/Textures/img_book_closed.img_book_closed'","Miscellaneous","1","True","99","True","StaticMesh'/Game/_DJM/crafting/Meshes/book_closed.book_closed'","0","0.000000","None","None","Armor","Head","0","0","0","0","0"
food_egg_yellow,"food_egg_yellow","Yellow Egg","A bright yellow Egg - I wonder what laid it?","Uncommon","Texture2D'/Game/_DJM/crafting/Textures/img_egg_yellow.img_egg_yellow'","Miscellaneous","1","True","99","True","StaticMesh'/Game/_DJM/farming/Meshes/egg_big01.egg_big01'","0","0.000000","None","None","Armor","Head","0","0","0","0","0"
crate_sm_oak,"crate_sm_oak","Small Oak Crate","A small crate to hold stuff in","Common","Texture2D'/Game/_DJM/crafting/Textures/img_crate.img_crate'","Miscellaneous","1","False","0","True","StaticMesh'/Game/_DJM/crafting/Meshes/crate2.crate2'","0","0.000000","None","None","Armor","Head","0","0","0","0","0"
Tool_Saw_Basic,"Tool_Saw_Basic","Basic Saw","","Common","Texture2D'/Game/_DJM/InventorySystem/Items/z_djm_items/building/Textures/img_tool_saw.img_tool_saw'","Equipment","1","False","0","True","StaticMesh'/Game/_DJM/InventorySystem/Items/z_djm_items/building/SM_tool_saw03.SM_tool_saw03'","0","0.000000","None","SkeletalMesh'/Game/_DJM/InventorySystem/Items/z_djm_items/building/tool_saw03.tool_saw03'","Weapon","Main-Hand","14","0","2","1","0"
furn_cabinet_base_oak,"furn_cabinet_base_oak","Oak Cabinet Base","A nice Pine Chair","Common","Texture2D'/Game/_DJM/InventorySystem/Items/z_djm_items/building/Textures/img_furn_equip_base_oak.img_furn_equip_base_oak'","Miscellaneous","1","True","0","True","StaticMesh'/Game/_DJM/InventorySystem/Items/z_djm_items/building/SM_furn_equip_base_oak.SM_furn_equip_base_oak'","0","0.000000","None","None","Armor","Head","0","0","0","0","0"
furn_cupboard_oak_R,"furn_cupboard_oak_R","Oak Cabinet 600mm Right Door","Modular Oak Cabinet - Right hand door","Common","Texture2D'/Game/_DJM/InventorySystem/Items/z_djm_items/building/Textures/img_furn_cupboard_oak_R.img_furn_cupboard_oak_R'","Miscellaneous","1","True","8","True","StaticMesh'/Game/_DJM/InventorySystem/Items/z_djm_items/building/SM_furn_cupboard_oak_R.SM_furn_cupboard_oak_R'","0","0.000000","None","None","Armor","Head","0","0","0","0","0"
furn_cupboard_oak_L,"furn_cupboard_oak_L","Oak Cabinet 600mm Left Door","Modular Oak Cabinet - Right hand door","Common","Texture2D'/Game/_DJM/InventorySystem/Items/z_djm_items/building/Textures/img_furn_cupboard_oak_L.img_furn_cupboard_oak_L'","Miscellaneous","1","True","8","True","StaticMesh'/Game/_DJM/InventorySystem/Items/z_djm_items/building/SM_furn_cupboard_oak_L.SM_furn_cupboard_oak_L'","0","0.000000","None","None","Armor","Head","0","0","0","0","0"
furn_smelter,"furn_smelter","Smelter","A smetler for ores or pottery","Common","Texture2D'/Game/_DJM/InventorySystem/Items/z_djm_items/building/Textures/img_furn_smelter.img_furn_smelter'","Miscellaneous","1","True","8","True","StaticMesh'/Game/_DJM/InventorySystem/Items/z_djm_items/building/furn_smelter_v1.furn_smelter_v1'","0","0.000000","None","None","Armor","Head","0","0","0","0","0"
food_salt,"food_salt","Salt","Salt for curing, cooking and pickling","Common","Texture2D'/Game/_DJM/crafting/Textures/img_jar_white.img_jar_white'","Miscellaneous","1","True","99","True","StaticMesh'/Game/_DJM/crafting/Meshes/SM_jar_white.SM_jar_white'","0","0.000000","None","None","Armor","Head","0","0","0","0","0"
bucket,"bucket","Bucket","A bucket to carry water, sea water, and other stuff","Common","Texture2D'/Game/_DJM/InventorySystem/Items/z_djm_items/building/Textures/img_bucket.img_bucket'","Miscellaneous","1","True","99","True","StaticMesh'/Game/_DJM/crafting/Meshes/cooking/SM_bucket.SM_bucket'","0","0.000000","None","None","Armor","Head","0","0","0","0","0"
kitchen_plate,"kitchen_plate","Plate","A bucket to carry water, sea water, and other stuff","Common","Texture2D'/Game/_DJM/InventorySystem/Items/z_djm_items/building/Textures/img_kitchen_plate.img_kitchen_plate'","Miscellaneous","1","True","99","True","StaticMesh'/Game/_DJM/crafting/Meshes/cooking/SM_kitchen_plate_large.SM_kitchen_plate_large'","0","0.000000","None","None","Armor","Head","0","0","0","0","0"
kitchen_saucer,"kitchen_saucer","Kitchen Saucer","A bucket to carry water, sea water, and other stuff","Common","Texture2D'/Game/_DJM/InventorySystem/Items/z_djm_items/building/Textures/img_kitchen_saucer.img_kitchen_saucer'","Miscellaneous","1","True","99","True","StaticMesh'/Game/_DJM/crafting/Meshes/cooking/SM_kitchen_saucer.SM_kitchen_saucer'","0","0.000000","None","None","Armor","Head","0","0","0","0","0"
kitchen_bowl,"kitchen_bowl","Kitchen bowl","A bucket to carry water, sea water, and other stuff","Common","Texture2D'/Game/_DJM/InventorySystem/Items/z_djm_items/building/Textures/img_kitchen_bowl.img_kitchen_bowl'","Miscellaneous","1","True","99","True","StaticMesh'/Game/_DJM/crafting/Meshes/cooking/SM_kitchen_bowl.SM_kitchen_bowl'","0","0.000000","None","None","Armor","Head","0","0","0","0","0"
workbench,"workbench","Workbench","A nice workbench","Common","Texture2D'/Game/_DJM/crafting/Textures/img_workbench1.img_workbench1'","Miscellaneous","1","False","0","True","StaticMesh'/Game/_DJM/crafting/Meshes/building/workbench2.workbench2'","0","0.000000","None","None","Armor","Head","0","0","0","0","0"
ball_yoga,"ball_yoga","Yoga Ball","A bouncy yoga ball","Common","Texture2D'/Game/FXVarietyPack/Textures/T_ky_maskCircle.T_ky_maskCircle'","Miscellaneous","1","False","0","True","StaticMesh'/Game/EF_Lewis/Meshes/YogaBall_a.YogaBall_a'","0","0.000000","None","None","Armor","Head","0","0","0","0","0"
Tool_Screwdriver_Basic,"Tool_Screwdriver_Basic","Basic Screwdriver","A screwdriver to fix things and take things apart","Common","Texture2D'/Game/_DJM/crafting/Textures/img_tool_screwdriver_basic.img_tool_screwdriver_basic'","Equipment","1","False","0","True","StaticMesh'/Game/_DJM/crafting/Meshes/building/SM_screwdriver_basic3.SM_screwdriver_basic3'","0","0.000000","None","SkeletalMesh'/Game/_DJM/crafting/Meshes/building/SK_tool_screwdriver_basic.SK_tool_screwdriver_basic'","Weapon","Main-Hand","14","0","2","1","0"
Tool_Dagger_Basic,"Tool_Dagger_Basic","Basic Dagger","A dagger used to cut things","Common","Texture2D'/Game/_DJM/crafting/Textures/img_tool_dagger_basic.img_tool_dagger_basic'","Equipment","1","False","0","True","StaticMesh'/Game/_DJM/crafting/Meshes/building/SM_tool_dagger.SM_tool_dagger'","0","0.000000","None","SkeletalMesh'/Game/_DJM/crafting/Meshes/building/dagger02.dagger02'","Weapon","Main-Hand","14","0","2","1","0"
shell_scallop,"shell_scallop","Scallop","Scallop shell","Uncommon","Texture2D'/Game/_DJM/pickups/shells/Textures/img_shell_scallop.img_shell_scallop'","Miscellaneous","1","True","99","True","StaticMesh'/Game/_DJM/pickups/shells/SeaShell_a.SeaShell_a'","0","0.000000","None","None","Armor","Head","0","0","0","0","0"
animal_snail,"animal_snail","Snail","A large snail","Common","Texture2D'/Game/_DJM/djmAnimals/Textures/img_animal_snail.img_animal_snail'","Miscellaneous","1","True","99","True","StaticMesh'/Game/_DJM/djmAnimals/Mesh/SM_animal_snail.SM_animal_snail'","0","0.000000","None","None","Armor","Head","0","0","0","0","0"
animal_scorpion,"animal_scorpion","Scorpion","A large scorpion","Common","Texture2D'/Game/_DJM/djmAnimals/Textures/img_animal_scorpion.img_animal_scorpion'","Miscellaneous","1","True","99","True","StaticMesh'/Game/_DJM/djmAnimals/Mesh/SM_animal_scorpion.SM_animal_scorpion'","0","0.000000","None","None","Armor","Head","0","0","0","0","0"
food_flour,"food_flour","Flour","Flour for cooking","Common","Texture2D'/Game/_DJM/crafting/Textures/img_box_tall.img_box_tall'","Miscellaneous","1","True","99","True","StaticMesh'/Game/_DJM/crafting/Meshes/cooking/SM_kitchen-box01.SM_kitchen-box01'","0","0.000000","None","None","Armor","Head","0","0","0","0","0"
food_milk,"food_milk","Milk","Milk","Common","Texture2D'/Game/_DJM/crafting/Textures/img_milk_pot.img_milk_pot'","Miscellaneous","1","True","99","True","StaticMesh'/Game/_DJM/crafting/Meshes/cooking/SM_kitchen_milk.SM_kitchen_milk'","0","0.000000","None","None","Armor","Head","0","0","0","0","0"
food_yeast,"food_yeast","Yeast","Yeast","Common","Texture2D'/Game/_DJM/crafting/Textures/img_box_short.img_box_short'","Miscellaneous","1","True","99","True","StaticMesh'/Game/_DJM/crafting/Meshes/cooking/SM_kitchen-box-short.SM_kitchen-box-short'","0","0.000000","None","None","Armor","Head","0","0","0","0","0"
food_butter,"food_butter","Butter","Butter","Common","Texture2D'/Game/_DJM/crafting/Textures/img_food_butter.img_food_butter'","Miscellaneous","1","True","99","True","StaticMesh'/Game/_DJM/crafting/Meshes/cooking/food_butter.food_butter'","0","0.000000","None","None","Armor","Head","0","0","0","0","0"
food_sugar,"food_sugar","Sugar","Sugar","Common","Texture2D'/Game/_DJM/crafting/Textures/img_box_sugar.img_box_sugar'","Miscellaneous","1","True","99","True","StaticMesh'/Game/_DJM/crafting/Meshes/cooking/SM_kitchen_sugar.SM_kitchen_sugar'","0","0.000000","None","None","Armor","Head","0","0","0","0","0"
tree_sap,"tree_sap","Tree Sap","Sap used to make glue and torches and other stuff","Common","Texture2D'/Game/_DJM/crafting/Textures/img_jar_green.img_jar_green'","Miscellaneous","1","True","99","False","StaticMesh'/Game/_DJM/crafting/Meshes/SM_jar_green.SM_jar_green'","0","0.000000","None","None","Armor","Head","0","0","0","0","0"
food_cook_dough_ball,"food_cook_dough_ball","Ball of Dough","Ball of Dough","Common","Texture2D'/Game/_DJM/crafting/Textures/img_ball_dough.img_ball_dough'","Miscellaneous","1","True","99","True","StaticMesh'/Game/_DJM/crafting/Meshes/cooking/SM_food_dough_ball.SM_food_dough_ball'","0","0.000000","None","None","Armor","Head","0","0","0","0","0"
food_cook_batter,"food_cook_batter","Jar of Batter","Ball of Dough","Common","Texture2D'/Game/_DJM/crafting/Textures/img_jar_batter.img_jar_batter'","Miscellaneous","1","True","99","True","StaticMesh'/Game/_DJM/crafting/Meshes/cooking/SM_kitchen_batter.SM_kitchen_batter'","0","0.000000","None","None","Armor","Head","0","0","0","0","0"
food_cheese,"food_cheese","Cheese","Cheese","Common","Texture2D'/Game/_DJM/crafting/Textures/img_food_cheese.img_food_cheese'","Miscellaneous","1","True","99","True","StaticMesh'/Game/_DJM/crafting/Meshes/cooking/kitchen_cheese.kitchen_cheese'","0","0.000000","None","None","Armor","Head","0","0","0","0","0"
food_sandwich_cheese,"food_sandwich_cheese","Cheese Sandwich","Cheese","Common","Texture2D'/Game/_DJM/crafting/Textures/img_food_sandwich_cheese.img_food_sandwich_cheese'","Miscellaneous","1","True","99","True","StaticMesh'/Game/_DJM/crafting/Meshes/cooking/food_sandwich_cheese.food_sandwich_cheese'","0","0.000000","None","None","Armor","Head","0","0","0","0","0"
food_biscuit,"food_biscuit","Biscuits","Biscuits!","Common","Texture2D'/Game/_DJM/crafting/Textures/img_food_biscuit.img_food_biscuit'","Miscellaneous","1","True","999","True","StaticMesh'/Game/_DJM/crafting/Meshes/cooking/food_biscuit.food_biscuit'","0","0.000000","None","None","Armor","Head","0","0","0","0","0"
torch,"torch","Torch","A short torch","Common","Texture2D'/Game/_DJM/crafting/Textures/img_torch.img_torch'","Equipment","1","True","100","True","StaticMesh'/Game/_DJM/crafting/Meshes/building/SM_torch.SM_torch'","0","0.000000","None","SkeletalMesh'/Game/_DJM/crafting/Meshes/building/torch.torch'","Weapon","Main-Hand","2","0","0","0","0"
food_cake,"food_cake","Cake","Cake","Common","Texture2D'/Game/_DJM/crafting/Textures/img_food_cake.img_food_cake'","Miscellaneous","1","True","99","True","StaticMesh'/Game/_DJM/crafting/Meshes/cooking/food_cake.food_cake'","0","0.000000","None","None","Armor","Head","0","0","0","0","0"
food_sandwich_fritz,"food_sandwich_fritz","Fritz Sandwich","Fritz Sandwich","Epic","Texture2D'/Game/_DJM/crafting/Textures/img_food_sandwich_fritz.img_food_sandwich_fritz'","Miscellaneous","1","True","99","True","StaticMesh'/Game/_DJM/crafting/Meshes/cooking/food_sandwich_fritz.food_sandwich_fritz'","0","0.000000","None","None","Armor","Head","0","0","0","0","0"
food_fritz,"food_fritz","Fritz","Fritz","Rare","Texture2D'/Game/_DJM/crafting/Textures/img_food_fritz.img_food_fritz'","Miscellaneous","1","True","999","True","StaticMesh'/Game/_DJM/crafting/Meshes/cooking/food_fritz.food_fritz'","0","0.000000","None","None","Armor","Head","0","0","0","0","0"
food_pancakes,"food_pancakes","Pancakes","stack of pancakes","Common","Texture2D'/Game/_DJM/crafting/Textures/img_food_pancakes.img_food_pancakes'","Miscellaneous","1","True","99","True","StaticMesh'/Game/_DJM/crafting/Meshes/cooking/food_pancakes.food_pancakes'","0","0.000000","None","None","Armor","Head","0","0","0","0","0"
food_cream,"food_cream","Cream","Cream","Common","Texture2D'/Game/_DJM/crafting/Textures/img_jar_white.img_jar_white'","Miscellaneous","1","True","99","True","StaticMesh'/Game/_DJM/crafting/Meshes/SM_jar_white.SM_jar_white'","0","0.000000","None","None","Armor","Head","0","0","0","0","0"
food_cream_sour,"food_cream_sour","Sour Cream","Sour Cream","Common","Texture2D'/Game/_DJM/crafting/Textures/img_jar_gold.img_jar_gold'","Miscellaneous","1","True","99","True","StaticMesh'/Game/_DJM/crafting/Meshes/SM_jar_gold.SM_jar_gold'","0","0.000000","None","None","Armor","Head","0","0","0","0","0"
food_cook_dough_pasta,"food_cook_dough_pasta","Pasta Dough","Ball of Dough","Common","Texture2D'/Game/_DJM/crafting/Textures/img_ball_dough.img_ball_dough'","Miscellaneous","1","True","99","True","StaticMesh'/Game/_DJM/crafting/Meshes/cooking/SM_food_dough_ball.SM_food_dough_ball'","0","0.000000","None","None","Armor","Head","0","0","0","0","0"
toilet_paper,"toilet_paper","Toilet Paper","Toilet Paper","Rare","Texture2D'/Game/_DJM/InventorySystem/Items/z_djm_items/building/Textures/img_toilet_paper.img_toilet_paper'","Miscellaneous","1","True","2","True","StaticMesh'/Game/MMSupermarket/Products/Mesh/SM_SPTissue1.SM_SPTissue1'","0","0.000000","None","None","Armor","Head","0","0","0","0","0"
furn_bed_single,"furn_bed_single","Bed","Sinlgle bed","Common","Texture2D'/Game/_DJM/InventorySystem/Items/Equipment/Textures/img_furn_bed_single.img_furn_bed_single'","Miscellaneous","1","False","0","True","StaticMesh'/Game/_DJM/z_testing/furntire/bed/SM_furn_bed_single.SM_furn_bed_single'","0","0.000000","None","None","Armor","Head","0","0","0","0","0"
